,Ville_Id,Ville,Longitude_asked,Latitude_asked,Longitude_return,Latitude_return,Timezone,Timezone_offset,Date,Moonset,Moonrise,Sunset,Sunrise,moon_phase,summary,pressure,humidity,dew_point,wind_speed,wind_deg,weather.id,weather.main,weather.description,weather.icon,wind_gust,clouds,pop,rain,uvi,temp.day,temp.min,temp.max,temp.night,temp.eve,temp.morn,feels_like.day,feels_like.night,feels_like.eve,feels_like.morn
0,0,Mont Saint Michel,-1.511459954959514,48.6359541,-1.5115,48.636,Europe/Paris,7200,2023-06-18 12:00:00,2023-06-18 21:09:00,2023-06-18 03:41:00,2023-06-18 20:11:11,2023-06-18 04:03:02,0.0,Expect a day of partly cloudy with rain,1010,65,11.13,4.88,301,502,Rain,forte pluie,10d,8.72,100,1.0,8.95,3.45,17.79,14.9,17.79,16.07,17.09,16.19,17.32,16.11,17.15,16.03
1,0,Mont Saint Michel,-1.511459954959514,48.6359541,-1.5115,48.636,Europe/Paris,7200,2023-06-19 12:00:00,2023-06-19 21:56:00,2023-06-19 04:32:00,2023-06-19 20:11:31,2023-06-19 04:03:06,0.04,Expect a day of partly cloudy with rain,1011,54,13.31,4.94,155,502,Rain,forte pluie,10d,6.54,100,0.88,0.94,6.75,23.43,12.89,23.43,15.99,17.91,14.7,23.24,16.1,18.03,14.68
2,0,Mont Saint Michel,-1.511459954959514,48.6359541,-1.5115,48.636,Europe/Paris,7200,2023-06-20 12:00:00,1970-01-01 00:00:00,2023-06-20 05:33:00,2023-06-20 20:11:48,2023-06-20 04:03:13,0.07,Expect a day of partly cloudy with rain,1012,70,14.57,4.61,287,502,Rain,forte pluie,10d,7.77,82,0.83,2.17,7.32,20.46,15.8,21.16,17.48,21.16,16.07,20.39,17.42,21.16,16.24
3,0,Mont Saint Michel,-1.511459954959514,48.6359541,-1.5115,48.636,Europe/Paris,7200,2023-06-21 12:00:00,2023-06-20 22:32:00,2023-06-21 06:40:00,2023-06-21 20:12:03,2023-06-21 04:03:23,0.1,There will be partly cloudy today,1017,55,12.19,4.14,347,502,Rain,forte pluie,10d,5.34,81,0.08,,7.34,22.07,14.15,22.49,16.05,21.51,16.03,21.77,15.93,21.31,16.01
4,0,Mont Saint Michel,-1.511459954959514,48.6359541,-1.5115,48.636,Europe/Paris,7200,2023-06-22 12:00:00,2023-06-21 23:00:00,2023-06-22 07:49:00,2023-06-22 20:12:15,2023-06-22 04:03:35,0.13,There will be partly cloudy today,1022,62,13.04,5.91,315,502,Rain,forte pluie,10d,6.91,88,0.06,,7.44,20.87,13.76,20.87,14.8,18.65,16.02,20.63,14.76,18.48,15.82
5,0,Mont Saint Michel,-1.511459954959514,48.6359541,-1.5115,48.636,Europe/Paris,7200,2023-06-23 12:00:00,2023-06-22 23:21:00,2023-06-23 08:58:00,2023-06-23 20:12:25,2023-06-23 04:03:50,0.16,Expect a day of partly cloudy with clear spells,1028,59,12.23,4.97,316,502,Rain,forte pluie,10d,5.76,42,0.0,,8.0,20.8,14.16,20.8,14.17,18.77,16.19,20.48,13.97,18.45,16.27
6,0,Mont Saint Michel,-1.511459954959514,48.6359541,-1.5115,48.636,Europe/Paris,7200,2023-06-24 12:00:00,2023-06-23 23:38:00,2023-06-24 10:06:00,2023-06-24 20:12:31,2023-06-24 04:04:07,0.19,"The day will start with partly cloudy through the late morning hours, transitioning to clearing",1027,49,11.02,4.58,328,502,Rain,forte pluie,10d,5.67,2,0.0,,8.0,22.71,12.65,22.75,15.93,20.72,15.42,22.32,15.95,20.52,15.18
7,0,Mont Saint Michel,-1.511459954959514,48.6359541,-1.5115,48.636,Europe/Paris,7200,2023-06-25 12:00:00,2023-06-24 23:53:00,2023-06-25 11:13:00,2023-06-25 20:12:35,2023-06-25 04:04:27,0.22,There will be clear sky today,1022,45,14.4,4.53,328,502,Rain,forte pluie,10d,4.91,0,0.0,,8.0,27.94,15.15,27.94,21.52,26.02,17.91,27.97,21.69,26.02,17.87
8,1,St Malo,-2.0260409,48.649518,-2.026,48.6495,Europe/Paris,7200,2023-06-18 12:00:00,2023-06-18 21:11:00,2023-06-18 03:43:00,2023-06-18 20:13:18,2023-06-18 04:05:01,0.0,Expect a day of partly cloudy with rain,1009,86,14.38,5.84,296,502,Rain,forte pluie,10d,7.45,85,1.0,7.56,2.82,16.73,15.21,17.22,15.56,17.22,16.11,16.7,15.52,17.16,16.0
9,1,St Malo,-2.0260409,48.649518,-2.026,48.6495,Europe/Paris,7200,2023-06-19 12:00:00,2023-06-19 21:58:00,2023-06-19 04:34:00,2023-06-19 20:13:38,2023-06-19 04:05:06,0.04,"You can expect partly cloudy in the morning, with rain in the afternoon",1011,71,14.67,5.19,3,502,Rain,forte pluie,10d,7.36,100,0.96,7.87,6.93,20.37,13.72,20.37,15.81,16.34,14.94,20.32,15.98,16.51,14.94
10,1,St Malo,-2.0260409,48.649518,-2.026,48.6495,Europe/Paris,7200,2023-06-20 12:00:00,1970-01-01 00:00:00,2023-06-20 05:35:00,2023-06-20 20:13:56,2023-06-20 04:05:13,0.07,Expect a day of partly cloudy with rain,1012,79,14.88,5.57,294,502,Rain,forte pluie,10d,7.94,74,0.85,2.64,7.06,18.64,14.95,20.44,16.65,20.44,15.48,18.62,16.64,20.39,15.56
11,1,St Malo,-2.0260409,48.649518,-2.026,48.6495,Europe/Paris,7200,2023-06-21 12:00:00,2023-06-20 22:34:00,2023-06-21 06:42:00,2023-06-21 20:14:10,2023-06-21 04:05:23,0.1,There will be partly cloudy today,1017,65,12.44,4.72,1,502,Rain,forte pluie,10d,5.85,99,0.0,,6.85,19.74,14.92,20.21,16.07,18.64,15.66,19.47,16.0,18.47,15.58
12,1,St Malo,-2.0260409,48.649518,-2.026,48.6495,Europe/Paris,7200,2023-06-22 12:00:00,2023-06-21 23:02:00,2023-06-22 07:51:00,2023-06-22 20:14:23,2023-06-22 04:05:35,0.13,There will be partly cloudy today,1022,73,13.78,5.07,324,502,Rain,forte pluie,10d,7.43,64,0.06,,7.48,19.15,15.27,19.15,15.47,17.68,16.21,19.03,15.42,17.59,16.18
13,1,St Malo,-2.0260409,48.649518,-2.026,48.6495,Europe/Paris,7200,2023-06-23 12:00:00,2023-06-22 23:23:00,2023-06-23 09:00:00,2023-06-23 20:14:32,2023-06-23 04:05:50,0.16,Expect a day of partly cloudy with clear spells,1028,72,13.03,4.81,294,502,Rain,forte pluie,10d,7.65,42,0.0,,8.0,18.77,14.74,18.81,15.24,17.81,15.76,18.58,15.04,17.58,15.77
14,1,St Malo,-2.0260409,48.649518,-2.026,48.6495,Europe/Paris,7200,2023-06-24 12:00:00,2023-06-23 23:40:00,2023-06-24 10:08:00,2023-06-24 20:14:39,2023-06-24 04:06:07,0.19,"The day will start with partly cloudy through the late morning hours, transitioning to clearing",1027,58,11.26,3.85,355,502,Rain,forte pluie,10d,4.53,1,0.0,,8.0,20.36,14.29,20.36,16.49,19.15,15.49,19.97,16.49,18.97,15.21
15,1,St Malo,-2.0260409,48.649518,-2.026,48.6495,Europe/Paris,7200,2023-06-25 12:00:00,2023-06-24 23:55:00,2023-06-25 11:16:00,2023-06-25 20:14:43,2023-06-25 04:06:27,0.22,There will be clear sky today,1022,60,14.16,5.86,20,502,Rain,forte pluie,10d,8.06,0,0.0,,8.0,23.33,15.86,23.33,20.4,22.58,17.11,23.29,20.51,22.7,17.04
16,2,Bayeux,-0.7024738,49.2764624,-0.7025,49.2765,Europe/Paris,7200,2023-06-18 12:00:00,2023-06-18 21:09:00,2023-06-18 03:34:00,2023-06-18 20:11:03,2023-06-18 03:56:42,0.0,Expect a day of partly cloudy with rain,1009,64,13.87,5.06,283,502,Rain,forte pluie,10d,8.19,100,1.0,4.91,5.95,20.93,13.7,20.93,13.7,15.39,17.4,20.75,13.66,15.54,17.34
17,2,Bayeux,-0.7024738,49.2764624,-0.7025,49.2765,Europe/Paris,7200,2023-06-19 12:00:00,2023-06-19 21:57:00,2023-06-19 04:24:00,2023-06-19 20:11:23,2023-06-19 03:56:46,0.04,Expect a day of partly cloudy with rain,1011,54,12.9,4.29,122,502,Rain,forte pluie,10d,6.41,84,0.62,0.76,7.0,22.9,12.88,23.63,15.95,17.32,14.83,22.66,16.11,17.35,14.8
18,2,Bayeux,-0.7024738,49.2764624,-0.7025,49.2765,Europe/Paris,7200,2023-06-20 12:00:00,1970-01-01 00:00:00,2023-06-20 05:26:00,2023-06-20 20:11:40,2023-06-20 03:56:53,0.07,Expect a day of partly cloudy with rain,1012,65,14.86,6.56,261,502,Rain,forte pluie,10d,11.16,93,0.91,3.89,5.82,21.82,15.59,22.29,15.59,18.78,16.5,21.75,15.61,18.96,16.74
19,2,Bayeux,-0.7024738,49.2764624,-0.7025,49.2765,Europe/Paris,7200,2023-06-21 12:00:00,2023-06-20 22:32:00,2023-06-21 06:33:00,2023-06-21 20:11:55,2023-06-21 03:57:02,0.1,There will be partly cloudy today,1017,58,13.61,4.45,12,502,Rain,forte pluie,10d,4.1,93,0.31,,7.23,22.42,14.28,22.42,14.77,18.42,15.46,22.23,14.68,18.33,15.49
20,2,Bayeux,-0.7024738,49.2764624,-0.7025,49.2765,Europe/Paris,7200,2023-06-22 12:00:00,2023-06-21 22:59:00,2023-06-22 07:43:00,2023-06-22 20:12:07,2023-06-22 03:57:15,0.13,There will be partly cloudy today,1021,56,12.31,4.95,352,502,Rain,forte pluie,10d,5.6,99,0.0,,7.19,21.8,13.22,21.8,14.22,18.85,15.02,21.5,13.94,18.49,14.85
21,2,Bayeux,-0.7024738,49.2764624,-0.7025,49.2765,Europe/Paris,7200,2023-06-23 12:00:00,2023-06-22 23:20:00,2023-06-23 08:53:00,2023-06-23 20:12:17,2023-06-23 03:57:30,0.16,Expect a day of partly cloudy with clear spells,1027,51,11.74,4.62,351,502,Rain,forte pluie,10d,4.94,30,0.0,,8.0,22.62,12.76,22.62,13.62,18.91,15.42,22.27,13.31,18.53,15.24
22,2,Bayeux,-0.7024738,49.2764624,-0.7025,49.2765,Europe/Paris,7200,2023-06-24 12:00:00,2023-06-23 23:36:00,2023-06-24 10:01:00,2023-06-24 20:12:23,2023-06-24 03:57:47,0.19,"The day will start with partly cloudy through the late morning hours, transitioning to clearing",1026,48,12.7,4.37,360,502,Rain,forte pluie,10d,4.39,0,0.0,,8.0,24.67,11.71,24.67,15.96,20.39,15.17,24.45,15.94,20.34,14.88
23,2,Bayeux,-0.7024738,49.2764624,-0.7025,49.2765,Europe/Paris,7200,2023-06-25 12:00:00,2023-06-24 23:50:00,2023-06-25 11:09:00,2023-06-25 20:12:27,2023-06-25 03:58:07,0.22,There will be clear sky today,1023,60,16.39,5.06,39,502,Rain,forte pluie,10d,7.0,0,0.0,,8.0,24.7,14.81,24.7,18.23,21.81,17.54,24.79,18.51,21.85,17.54
24,3,Le Havre,0.1079732,49.4938975,0.108,49.4939,Europe/Paris,7200,2023-06-18 12:00:00,2023-06-18 21:07:00,2023-06-18 03:29:00,2023-06-18 20:08:52,2023-06-18 03:52:23,0.0,Expect a day of partly cloudy with rain,1010,84,17.68,6.95,301,502,Rain,forte pluie,10d,8.84,100,1.0,11.16,6.58,20.47,15.37,21.37,15.37,15.77,18.01,20.77,15.42,15.88,18.22
25,3,Le Havre,0.1079732,49.4938975,0.108,49.4939,Europe/Paris,7200,2023-06-19 12:00:00,2023-06-19 21:55:00,2023-06-19 04:20:00,2023-06-19 20:09:13,2023-06-19 03:52:27,0.04,Expect a day of partly cloudy with rain,1012,67,13.25,3.69,211,502,Rain,forte pluie,10d,7.64,73,0.49,0.65,6.87,20.1,14.4,20.46,17.45,18.04,15.22,19.92,17.63,18.22,15.17
26,3,Le Havre,0.1079732,49.4938975,0.108,49.4939,Europe/Paris,7200,2023-06-20 12:00:00,1970-01-01 00:00:00,2023-06-20 05:21:00,2023-06-20 20:09:30,2023-06-20 03:52:34,0.07,"The day will start with rain through the late morning hours, transitioning to partly cloudy",1012,83,15.09,7.13,252,502,Rain,forte pluie,10d,10.55,89,0.96,8.54,6.89,18.3,16.59,18.54,16.59,17.97,17.64,18.35,16.52,17.91,17.97
27,3,Le Havre,0.1079732,49.4938975,0.108,49.4939,Europe/Paris,7200,2023-06-21 12:00:00,2023-06-20 22:30:00,2023-06-21 06:28:00,2023-06-21 20:09:45,2023-06-21 03:52:43,0.1,Expect a day of partly cloudy with rain,1017,75,14.87,4.83,5,502,Rain,forte pluie,10d,5.9,80,0.31,0.11,7.52,19.66,16.34,19.66,16.38,18.97,17.34,19.64,16.37,18.99,17.38
28,3,Le Havre,0.1079732,49.4938975,0.108,49.4939,Europe/Paris,7200,2023-06-22 12:00:00,2023-06-21 22:57:00,2023-06-22 07:39:00,2023-06-22 20:09:57,2023-06-22 03:52:56,0.13,There will be partly cloudy today,1021,74,13.48,3.9,320,502,Rain,forte pluie,10d,5.81,100,0.0,,7.29,18.6,15.55,18.72,16.18,17.86,16.58,18.45,16.05,17.69,16.43
29,3,Le Havre,0.1079732,49.4938975,0.108,49.4939,Europe/Paris,7200,2023-06-23 12:00:00,2023-06-22 23:17:00,2023-06-23 08:48:00,2023-06-23 20:10:07,2023-06-23 03:53:10,0.16,Expect a day of partly cloudy with clear spells,1027,72,13.01,4.48,293,502,Rain,forte pluie,10d,6.58,22,0.0,,8.0,18.63,15.71,18.99,15.97,18.08,16.75,18.43,15.79,17.8,16.7
30,3,Le Havre,0.1079732,49.4938975,0.108,49.4939,Europe/Paris,7200,2023-06-24 12:00:00,2023-06-23 23:33:00,2023-06-24 09:58:00,2023-06-24 20:10:13,2023-06-24 03:53:28,0.19,"The day will start with partly cloudy through the late morning hours, transitioning to clearing",1026,62,11.83,3.42,325,502,Rain,forte pluie,10d,4.51,0,0.0,,8.0,19.96,15.05,20.09,17.07,19.08,15.96,19.63,17.18,19.11,15.78
31,3,Le Havre,0.1079732,49.4938975,0.108,49.4939,Europe/Paris,7200,2023-06-25 12:00:00,2023-06-24 23:47:00,2023-06-25 11:06:00,2023-06-25 20:10:17,2023-06-25 03:53:48,0.22,Expect a day of partly cloudy with clear spells,1023,73,16.22,5.4,47,502,Rain,forte pluie,10d,6.39,16,0.0,,8.0,22.09,16.57,23.38,19.98,23.24,17.83,22.26,20.04,23.45,17.97
32,4,Rouen,1.0939658,49.4404591,1.094,49.4405,Europe/Paris,7200,2023-06-18 11:00:00,2023-06-18 21:03:00,2023-06-18 03:25:00,2023-06-18 20:04:40,2023-06-18 03:48:42,0.0,Expect a day of partly cloudy with rain,1011,81,19.04,6.22,172,502,Rain,forte pluie,10d,9.18,80,1.0,14.68,5.48,22.46,15.64,22.66,15.73,21.35,17.59,22.88,15.87,21.89,17.89
33,4,Rouen,1.0939658,49.4404591,1.094,49.4405,Europe/Paris,7200,2023-06-19 11:00:00,2023-06-19 21:50:00,2023-06-19 04:16:00,2023-06-19 20:05:00,2023-06-19 03:48:46,0.04,Expect a day of partly cloudy with rain,1013,60,13.72,3.44,160,502,Rain,forte pluie,10d,8.44,81,0.89,0.85,7.06,22.23,12.7,24.13,17.21,19.22,13.56,22.08,17.49,19.47,13.48
34,4,Rouen,1.0939658,49.4404591,1.094,49.4405,Europe/Paris,7200,2023-06-20 11:00:00,1970-01-01 00:00:00,2023-06-20 05:17:00,2023-06-20 20:05:18,2023-06-20 03:48:53,0.07,Expect a day of partly cloudy with rain,1011,75,16.58,6.38,243,502,Rain,forte pluie,10d,10.19,95,1.0,20.73,6.26,21.54,16.87,23.29,16.87,22.78,17.73,21.71,16.94,22.81,18.12
35,4,Rouen,1.0939658,49.4404591,1.094,49.4405,Europe/Paris,7200,2023-06-21 11:00:00,2023-06-20 22:25:00,2023-06-21 06:24:00,2023-06-21 20:05:33,2023-06-21 03:49:03,0.1,Expect a day of partly cloudy with rain,1017,73,17.75,4.3,354,502,Rain,forte pluie,10d,5.59,92,0.92,5.2,7.69,23.21,15.81,23.41,15.81,20.65,17.41,23.49,15.85,20.89,17.56
36,4,Rouen,1.0939658,49.4404591,1.094,49.4405,Europe/Paris,7200,2023-06-22 11:00:00,2023-06-21 22:52:00,2023-06-22 07:35:00,2023-06-22 20:05:45,2023-06-22 03:49:15,0.13,There will be partly cloudy today,1020,59,13.1,4.28,324,502,Rain,forte pluie,10d,6.4,98,0.02,,7.33,21.71,13.73,22.64,14.62,20.58,15.84,21.48,14.54,20.52,15.65
37,4,Rouen,1.0939658,49.4404591,1.094,49.4405,Europe/Paris,7200,2023-06-23 11:00:00,2023-06-22 23:13:00,2023-06-23 08:44:00,2023-06-23 20:05:54,2023-06-23 03:49:30,0.16,Expect a day of partly cloudy with clear spells,1026,56,13.93,4.8,310,502,Rain,forte pluie,10d,5.87,35,0.02,,8.0,23.68,12.85,23.68,13.7,20.8,16.31,23.57,13.4,20.63,16.32
38,4,Rouen,1.0939658,49.4404591,1.094,49.4405,Europe/Paris,7200,2023-06-24 11:00:00,2023-06-23 23:29:00,2023-06-24 09:54:00,2023-06-24 20:06:01,2023-06-24 03:49:47,0.19,"The day will start with partly cloudy through the late morning hours, transitioning to clearing",1026,51,13.05,4.24,305,502,Rain,forte pluie,10d,4.38,3,0.0,,8.0,24.3,11.39,24.87,16.66,22.45,14.93,24.12,16.76,22.58,14.7
39,4,Rouen,1.0939658,49.4404591,1.094,49.4405,Europe/Paris,7200,2023-06-25 11:00:00,2023-06-24 23:43:00,2023-06-25 11:02:00,2023-06-25 20:06:04,2023-06-25 03:50:08,0.22,Expect a day of partly cloudy with clear spells,1023,54,16.66,4.24,33,502,Rain,forte pluie,10d,6.6,17,0.0,,8.0,27.12,14.85,28.45,19.73,25.4,18.24,27.8,19.93,25.75,18.37
40,5,Paris,2.3483915,48.8534951,2.3484,48.8535,Europe/Paris,7200,2023-06-18 11:00:00,2023-06-18 20:54:00,2023-06-18 03:24:00,2023-06-18 19:56:47,2023-06-18 03:46:33,0.0,Expect a day of partly cloudy with rain,1011,72,17.22,6.45,215,502,Rain,forte pluie,10d,12.69,20,0.99,11.63,5.77,22.52,17.6,26.25,17.66,18.17,19.17,22.71,18.01,18.39,19.49
41,5,Paris,2.3483915,48.8534951,2.3484,48.8535,Europe/Paris,7200,2023-06-19 11:00:00,2023-06-19 21:42:00,2023-06-19 04:15:00,2023-06-19 19:57:07,2023-06-19 03:46:37,0.04,"You can expect partly cloudy in the morning, with rain in the afternoon",1013,50,13.5,3.21,243,502,Rain,forte pluie,10d,7.34,96,1.0,19.94,7.69,24.84,15.15,27.28,18.85,19.11,15.7,24.69,19.35,19.58,15.75
42,5,Paris,2.3483915,48.8534951,2.3484,48.8535,Europe/Paris,7200,2023-06-20 11:00:00,1970-01-01 00:00:00,2023-06-20 05:16:00,2023-06-20 19:57:24,2023-06-20 03:46:44,0.07,"There will be rain until morning, then partly cloudy",1013,64,15.82,5.89,222,502,Rain,forte pluie,10d,11.37,96,1.0,1.82,6.13,23.17,17.61,25.47,20.65,25.04,17.93,23.21,20.6,24.91,18.26
43,5,Paris,2.3483915,48.8534951,2.3484,48.8535,Europe/Paris,7200,2023-06-21 11:00:00,2023-06-20 22:17:00,2023-06-21 06:22:00,2023-06-21 19:57:39,2023-06-21 03:46:54,0.1,"There will be partly cloudy until morning, then rain",1016,77,18.76,2.09,172,502,Rain,forte pluie,10d,4.06,93,0.92,9.63,7.6,23.23,17.93,23.71,20.15,22.2,17.93,23.62,20.65,22.72,18.26
44,5,Paris,2.3483915,48.8534951,2.3484,48.8535,Europe/Paris,7200,2023-06-22 11:00:00,2023-06-21 22:45:00,2023-06-22 07:32:00,2023-06-22 19:57:51,2023-06-22 03:47:06,0.13,Expect a day of partly cloudy with rain,1019,56,15.05,4.19,318,502,Rain,forte pluie,10d,6.84,98,0.93,2.6,7.38,24.58,16.51,25.22,19.68,22.95,17.27,24.56,19.51,22.71,17.45
45,5,Paris,2.3483915,48.8534951,2.3484,48.8535,Europe/Paris,7200,2023-06-23 11:00:00,2023-06-22 23:06:00,2023-06-23 08:41:00,2023-06-23 19:58:01,2023-06-23 03:47:21,0.16,Expect a day of partly cloudy with rain,1025,51,14.02,4.63,343,502,Rain,forte pluie,10d,5.98,3,0.51,0.97,8.0,25.28,15.89,25.87,19.66,24.28,17.42,25.2,19.4,24.15,17.07
46,5,Paris,2.3483915,48.8534951,2.3484,48.8535,Europe/Paris,7200,2023-06-24 11:00:00,2023-06-23 23:23:00,2023-06-24 09:49:00,2023-06-24 19:58:07,2023-06-24 03:47:38,0.19,Expect a day of partly cloudy with clear spells,1025,30,6.98,2.98,339,502,Rain,forte pluie,10d,5.82,7,0.0,,8.0,25.93,14.93,27.09,21.15,25.56,16.51,25.36,21.23,25.48,15.81
47,5,Paris,2.3483915,48.8534951,2.3484,48.8535,Europe/Paris,7200,2023-06-25 11:00:00,2023-06-24 23:37:00,2023-06-25 10:57:00,2023-06-25 19:58:11,2023-06-25 03:47:58,0.22,Expect a day of partly cloudy with clear spells,1022,47,15.59,3.49,61,502,Rain,forte pluie,10d,6.69,2,0.0,,8.0,28.22,17.39,29.91,23.14,27.95,19.14,28.42,23.1,27.98,19.02
48,6,Amiens,2.2956951,49.8941708,2.2957,49.8942,Europe/Paris,7200,2023-06-18 11:00:00,2023-06-18 21:01:00,2023-06-18 03:17:00,2023-06-18 20:02:08,2023-06-18 03:41:37,0.0,Expect a day of partly cloudy with rain,1011,84,16.32,5.8,150,502,Rain,forte pluie,10d,9.02,100,1.0,23.93,4.64,19.08,16.8,23.64,16.8,22.13,17.0,19.24,17.04,22.44,17.26
49,6,Amiens,2.2956951,49.8941708,2.2957,49.8942,Europe/Paris,7200,2023-06-19 11:00:00,2023-06-19 21:48:00,2023-06-19 04:08:00,2023-06-19 20:02:29,2023-06-19 03:41:41,0.04,Expect a day of partly cloudy with rain,1013,62,14.27,3.99,259,502,Rain,forte pluie,10d,7.91,87,0.8,0.63,7.42,21.99,12.57,24.35,17.82,20.61,13.56,21.86,18.09,20.71,13.48
50,6,Amiens,2.2956951,49.8941708,2.2957,49.8942,Europe/Paris,7200,2023-06-20 11:00:00,1970-01-01 00:00:00,2023-06-20 05:10:00,2023-06-20 20:02:46,2023-06-20 03:41:47,0.07,"The day will start with rain through the late morning hours, transitioning to partly cloudy",1011,72,16.62,7.03,220,502,Rain,forte pluie,10d,9.99,99,1.0,5.81,4.69,22.11,15.66,23.64,15.66,22.6,17.91,22.26,15.66,22.67,18.29
51,6,Amiens,2.2956951,49.8941708,2.2957,49.8942,Europe/Paris,7200,2023-06-21 11:00:00,2023-06-20 22:23:00,2023-06-21 06:17:00,2023-06-21 20:03:01,2023-06-21 03:41:57,0.1,"The day will start with partly cloudy through the late morning hours, transitioning to rain",1017,74,17.48,3.54,321,502,Rain,forte pluie,10d,6.98,96,1.0,9.43,7.49,22.64,14.15,22.85,16.53,21.81,16.93,22.89,16.75,22.27,16.79
52,6,Amiens,2.2956951,49.8941708,2.2957,49.8942,Europe/Paris,7200,2023-06-22 11:00:00,2023-06-21 22:49:00,2023-06-22 07:28:00,2023-06-22 20:03:13,2023-06-22 03:42:09,0.13,Expect a day of partly cloudy with rain,1019,70,16.55,5.02,321,502,Rain,forte pluie,10d,6.4,99,0.85,1.14,7.09,22.49,15.19,22.49,15.19,20.4,16.67,22.62,15.22,20.53,16.82
53,6,Amiens,2.2956951,49.8941708,2.2957,49.8942,Europe/Paris,7200,2023-06-23 11:00:00,2023-06-22 23:09:00,2023-06-23 08:38:00,2023-06-23 20:03:23,2023-06-23 03:42:24,0.16,Expect a day of partly cloudy with rain,1025,57,15.05,5.15,309,502,Rain,forte pluie,10d,5.84,2,0.69,1.01,8.0,24.36,13.51,24.36,13.64,20.41,16.43,24.34,13.38,20.33,16.24
54,6,Amiens,2.2956951,49.8941708,2.2957,49.8942,Europe/Paris,7200,2023-06-24 11:00:00,2023-06-23 23:26:00,2023-06-24 09:48:00,2023-06-24 20:03:29,2023-06-24 03:42:42,0.19,Expect a day of partly cloudy with clear spells,1025,52,13.06,5.18,301,502,Rain,forte pluie,10d,6.14,9,0.0,,8.0,23.81,11.41,23.81,16.0,21.23,15.35,23.6,16.11,21.34,15.0
55,6,Amiens,2.2956951,49.8941708,2.2957,49.8942,Europe/Paris,7200,2023-06-25 11:00:00,2023-06-24 23:39:00,2023-06-25 10:56:00,2023-06-25 20:03:33,2023-06-25 03:43:02,0.22,Expect a day of partly cloudy with rain,1023,55,16.42,3.75,39,502,Rain,forte pluie,10d,9.89,16,0.2,0.14,8.0,26.52,14.93,27.59,18.84,25.59,18.17,26.52,18.84,25.88,18.34
56,7,Lille,3.0635282,50.6365654,3.0635,50.6366,Europe/Paris,7200,2023-06-18 11:00:00,2023-06-18 21:03:00,2023-06-18 03:09:00,2023-06-18 20:02:55,2023-06-18 03:34:41,0.0,Expect a day of partly cloudy with rain,1011,90,17.92,5.0,148,502,Rain,forte pluie,10d,10.52,100,0.96,9.6,3.54,19.6,16.95,22.82,18.62,22.61,17.09,19.97,19.04,22.6,17.23
57,7,Lille,3.0635282,50.6365654,3.0635,50.6366,Europe/Paris,7200,2023-06-19 11:00:00,2023-06-19 21:50:00,2023-06-19 04:00:00,2023-06-19 20:03:16,2023-06-19 03:34:45,0.04,"There will be rain until morning, then partly cloudy",1013,53,12.66,4.36,255,502,Rain,forte pluie,10d,9.47,80,0.96,0.75,7.14,22.75,13.7,25.5,20.24,24.95,14.17,22.46,19.99,24.7,14.04
58,7,Lille,3.0635282,50.6365654,3.0635,50.6366,Europe/Paris,7200,2023-06-20 11:00:00,1970-01-01 00:00:00,2023-06-20 05:02:00,2023-06-20 20:03:34,2023-06-20 03:34:51,0.07,Expect a day of partly cloudy with rain,1011,75,16.81,7.36,220,502,Rain,forte pluie,10d,9.93,100,0.84,1.13,4.72,21.35,16.14,24.48,16.14,22.28,17.48,21.5,16.0,22.16,17.79
59,7,Lille,3.0635282,50.6365654,3.0635,50.6366,Europe/Paris,7200,2023-06-21 11:00:00,2023-06-20 22:24:00,2023-06-21 06:10:00,2023-06-21 20:03:49,2023-06-21 03:35:01,0.1,"You can expect partly cloudy in the morning, with rain in the afternoon",1017,52,14.23,2.85,250,502,Rain,forte pluie,10d,6.8,95,0.96,6.17,7.41,24.66,14.43,24.79,17.47,21.19,17.57,24.54,17.62,21.48,17.29
60,7,Lille,3.0635282,50.6365654,3.0635,50.6366,Europe/Paris,7200,2023-06-22 11:00:00,2023-06-21 22:50:00,2023-06-22 07:22:00,2023-06-22 20:04:01,2023-06-22 03:35:13,0.13,There will be rain today,1019,78,16.67,3.42,16,502,Rain,forte pluie,10d,5.23,100,0.95,6.94,0.98,20.83,15.76,20.83,16.74,19.34,17.21,21.01,16.98,19.58,17.34
61,7,Lille,3.0635282,50.6365654,3.0635,50.6366,Europe/Paris,7200,2023-06-23 11:00:00,2023-06-22 23:09:00,2023-06-23 08:32:00,2023-06-23 20:04:10,2023-06-23 03:35:28,0.16,Expect a day of partly cloudy with rain,1025,58,15.14,3.29,339,502,Rain,forte pluie,10d,4.46,39,0.74,2.9,1.0,23.89,14.78,24.75,17.14,22.77,16.91,23.85,17.02,22.62,17.06
62,7,Lille,3.0635282,50.6365654,3.0635,50.6366,Europe/Paris,7200,2023-06-24 11:00:00,2023-06-23 23:24:00,2023-06-24 09:43:00,2023-06-24 20:04:17,2023-06-24 03:35:46,0.19,Expect a day of partly cloudy with clear spells,1024,45,12.34,5.62,270,502,Rain,forte pluie,10d,6.4,39,0.0,,1.0,24.89,13.8,24.89,18.05,22.71,16.53,24.61,18.1,22.73,16.2
63,7,Lille,3.0635282,50.6365654,3.0635,50.6366,Europe/Paris,7200,2023-06-25 11:00:00,2023-06-24 23:37:00,2023-06-25 10:52:00,2023-06-25 20:04:20,2023-06-25 03:36:07,0.22,Expect a day of partly cloudy with clear spells,1023,44,14.15,4.65,359,502,Rain,forte pluie,10d,7.41,11,0.0,,1.0,27.4,16.9,27.62,18.94,25.08,19.67,27.41,18.64,24.98,19.78
64,8,Strasbourg,7.7507127,48.584614,7.7507,48.5846,Europe/Paris,7200,2023-06-18 11:00:00,2023-06-18 20:30:00,2023-06-18 03:03:00,2023-06-18 19:33:53,2023-06-18 03:26:13,0.0,Expect a day of partly cloudy with rain,1013,30,9.01,7.46,254,502,Rain,forte pluie,10d,8.26,10,0.43,0.46,7.54,28.21,15.21,31.5,17.69,19.85,16.95,27.25,17.86,20.03,16.35
65,8,Strasbourg,7.7507127,48.584614,7.7507,48.5846,Europe/Paris,7200,2023-06-19 11:00:00,2023-06-19 21:18:00,2023-06-19 03:54:00,2023-06-19 19:34:13,2023-06-19 03:26:18,0.04,"There will be rain until morning, then partly cloudy",1014,45,15.06,3.26,64,502,Rain,forte pluie,10d,6.81,87,0.37,0.15,6.71,28.07,15.86,29.48,21.45,28.7,17.3,28.1,21.48,28.57,17.38
66,8,Strasbourg,7.7507127,48.584614,7.7507,48.5846,Europe/Paris,7200,2023-06-20 11:00:00,2023-06-20 21:54:00,2023-06-20 04:54:00,2023-06-20 19:34:30,2023-06-20 03:26:25,0.07,Expect a day of partly cloudy with rain,1013,38,14.35,4.45,188,502,Rain,forte pluie,10d,10.43,57,0.96,2.58,7.29,30.22,18.2,33.14,23.14,31.44,18.44,29.71,23.1,30.53,18.82
67,8,Strasbourg,7.7507127,48.584614,7.7507,48.5846,Europe/Paris,7200,2023-06-21 11:00:00,1970-01-01 00:00:00,2023-06-21 06:01:00,2023-06-21 19:34:45,2023-06-21 03:26:34,0.1,Expect a day of partly cloudy with rain,1016,49,16.59,5.45,259,502,Rain,forte pluie,10d,10.55,98,1.0,9.29,6.17,28.2,17.51,29.58,21.05,27.92,19.42,28.58,21.48,28.92,19.72
68,8,Strasbourg,7.7507127,48.584614,7.7507,48.5846,Europe/Paris,7200,2023-06-22 11:00:00,2023-06-21 22:21:00,2023-06-22 07:10:00,2023-06-22 19:34:57,2023-06-22 03:26:47,0.13,There will be rain today,1017,69,20.24,4.53,303,502,Rain,forte pluie,10d,6.92,100,0.88,11.72,6.94,26.28,18.69,26.64,19.92,24.01,20.39,26.28,20.16,24.22,20.86
69,8,Strasbourg,7.7507127,48.584614,7.7507,48.5846,Europe/Paris,7200,2023-06-23 11:00:00,2023-06-22 22:43:00,2023-06-23 08:19:00,2023-06-23 19:35:07,2023-06-23 03:27:01,0.16,Expect a day of partly cloudy with rain,1023,66,14.71,3.45,328,502,Rain,forte pluie,10d,5.54,100,0.65,3.21,7.0,21.35,15.62,22.21,15.62,20.28,17.68,21.26,15.38,20.17,17.72
70,8,Strasbourg,7.7507127,48.584614,7.7507,48.5846,Europe/Paris,7200,2023-06-24 11:00:00,2023-06-23 23:00:00,2023-06-24 09:27:00,2023-06-24 19:35:14,2023-06-24 03:27:19,0.19,There will be partly cloudy today,1024,38,10.81,2.04,35,502,Rain,forte pluie,10d,2.45,51,0.0,,7.0,26.25,13.27,27.38,19.23,24.74,16.85,26.25,18.7,24.55,16.52
71,8,Strasbourg,7.7507127,48.584614,7.7507,48.5846,Europe/Paris,7200,2023-06-25 11:00:00,2023-06-24 23:15:00,2023-06-25 10:34:00,2023-06-25 19:35:18,2023-06-25 03:27:39,0.22,"You can expect partly cloudy in the morning, with clearing in the afternoon",1021,39,13.37,4.86,22,502,Rain,forte pluie,10d,4.87,13,0.0,,7.0,28.58,15.55,28.59,20.36,25.87,19.23,28.12,20.25,25.92,18.85
72,9,Chateau du Haut Koenigsbourg,7.3454923,48.2495226,7.3455,48.2495,Europe/Paris,7200,2023-06-18 11:00:00,2023-06-18 20:29:00,2023-06-18 03:07:00,2023-06-18 19:33:56,2023-06-18 03:29:25,0.0,Expect a day of partly cloudy with rain,1013,33,7.27,3.59,230,502,Rain,forte pluie,10d,6.56,10,0.77,2.78,7.18,24.59,13.06,26.1,14.24,16.8,14.82,23.97,14.15,16.86,14.03
73,9,Chateau du Haut Koenigsbourg,7.3454923,48.2495226,7.3455,48.2495,Europe/Paris,7200,2023-06-19 11:00:00,2023-06-19 21:17:00,2023-06-19 03:58:00,2023-06-19 19:34:16,2023-06-19 03:29:30,0.04,Expect a day of partly cloudy with rain,1013,43,12.79,2.12,121,502,Rain,forte pluie,10d,5.19,92,0.77,0.72,6.28,25.2,12.67,26.67,16.31,25.64,14.27,24.9,16.24,25.51,14.13
74,9,Chateau du Haut Koenigsbourg,7.3454923,48.2495226,7.3455,48.2495,Europe/Paris,7200,2023-06-20 11:00:00,2023-06-20 21:54:00,2023-06-20 04:58:00,2023-06-20 19:34:33,2023-06-20 03:29:37,0.07,Expect a day of partly cloudy with rain,1013,37,12.58,3.61,234,502,Rain,forte pluie,10d,6.92,82,0.94,2.85,7.77,27.53,15.4,28.95,19.62,26.79,15.6,27.1,19.41,26.96,15.67
75,9,Chateau du Haut Koenigsbourg,7.3454923,48.2495226,7.3455,48.2495,Europe/Paris,7200,2023-06-21 11:00:00,1970-01-01 00:00:00,2023-06-21 06:04:00,2023-06-21 19:34:48,2023-06-21 03:29:46,0.1,Expect a day of partly cloudy with rain,1017,54,16.74,4.37,284,502,Rain,forte pluie,10d,9.89,100,1.0,12.04,6.18,25.69,14.17,27.44,17.85,23.21,16.77,25.72,18.04,23.41,16.88
76,9,Chateau du Haut Koenigsbourg,7.3454923,48.2495226,7.3455,48.2495,Europe/Paris,7200,2023-06-22 11:00:00,2023-06-21 22:22:00,2023-06-22 07:13:00,2023-06-22 19:35:00,2023-06-22 03:29:58,0.13,Expect a day of partly cloudy with rain,1017,61,17.97,4.23,290,502,Rain,forte pluie,10d,5.76,98,0.81,8.63,6.35,25.25,16.12,25.25,16.12,21.09,18.01,25.42,16.24,21.06,18.29
77,9,Chateau du Haut Koenigsbourg,7.3454923,48.2495226,7.3455,48.2495,Europe/Paris,7200,2023-06-23 11:00:00,2023-06-22 22:43:00,2023-06-23 08:22:00,2023-06-23 19:35:09,2023-06-23 03:30:13,0.16,"You can expect rain in the morning, with partly cloudy in the afternoon",1024,70,13.7,2.16,320,502,Rain,forte pluie,10d,3.47,100,0.9,9.52,7.0,18.16,12.35,18.16,12.35,16.49,15.39,17.86,12.07,16.49,15.44
78,9,Chateau du Haut Koenigsbourg,7.3454923,48.2495226,7.3455,48.2495,Europe/Paris,7200,2023-06-24 11:00:00,2023-06-23 23:01:00,2023-06-24 09:30:00,2023-06-24 19:35:16,2023-06-24 03:30:30,0.19,There will be partly cloudy today,1024,39,9.3,2.61,56,502,Rain,forte pluie,10d,3.17,51,0.0,,7.0,22.95,10.14,23.67,15.23,20.36,13.6,22.32,14.4,19.97,13.16
79,9,Chateau du Haut Koenigsbourg,7.3454923,48.2495226,7.3455,48.2495,Europe/Paris,7200,2023-06-25 11:00:00,2023-06-24 23:16:00,2023-06-25 10:36:00,2023-06-25 19:35:21,2023-06-25 03:30:50,0.22,Expect a day of partly cloudy with clear spells,1021,40,11.72,2.89,35,502,Rain,forte pluie,10d,5.84,10,0.0,,7.0,25.04,12.52,26.16,16.51,21.97,16.84,24.64,16.25,21.82,16.2
80,10,Colmar,7.3579641,48.0777517,7.358,48.0778,Europe/Paris,7200,2023-06-18 11:00:00,2023-06-18 20:28:00,2023-06-18 03:08:00,2023-06-18 19:33:05,2023-06-18 03:30:10,0.0,Expect a day of partly cloudy with rain,1013,35,10.99,6.86,228,502,Rain,forte pluie,10d,10.7,9,0.78,2.67,7.18,27.85,15.82,29.9,17.09,19.27,17.66,27.24,17.28,19.58,17.18
81,10,Colmar,7.3579641,48.0777517,7.358,48.0778,Europe/Paris,7200,2023-06-19 11:00:00,2023-06-19 21:16:00,2023-06-19 03:59:00,2023-06-19 19:33:25,2023-06-19 03:30:14,0.04,Expect a day of partly cloudy with rain,1014,44,13.99,3.09,188,502,Rain,forte pluie,10d,5.04,95,0.8,0.79,6.28,27.71,15.79,29.89,19.63,28.87,17.38,27.68,19.84,29.16,17.52
82,10,Colmar,7.3579641,48.0777517,7.358,48.0778,Europe/Paris,7200,2023-06-20 11:00:00,2023-06-20 21:53:00,2023-06-20 04:59:00,2023-06-20 19:33:42,2023-06-20 03:30:21,0.07,Expect a day of partly cloudy with rain,1013,37,13.72,4.5,212,502,Rain,forte pluie,10d,8.22,92,0.94,3.42,7.77,30.31,18.34,31.71,23.05,29.17,18.69,29.7,23.16,29.64,19.04
83,10,Colmar,7.3579641,48.0777517,7.358,48.0778,Europe/Paris,7200,2023-06-21 11:00:00,1970-01-01 00:00:00,2023-06-21 06:05:00,2023-06-21 19:33:57,2023-06-21 03:30:31,0.1,Expect a day of partly cloudy with rain,1016,50,17.12,4.14,274,502,Rain,forte pluie,10d,10.71,100,1.0,11.16,6.18,29.46,17.14,30.99,21.44,27.19,19.8,30.28,21.86,28.74,20.21
84,10,Colmar,7.3579641,48.0777517,7.358,48.0778,Europe/Paris,7200,2023-06-22 11:00:00,2023-06-21 22:21:00,2023-06-22 07:14:00,2023-06-22 19:34:09,2023-06-22 03:30:43,0.13,Expect a day of partly cloudy with rain,1017,55,17.45,4.37,224,502,Rain,forte pluie,10d,7.56,98,0.84,7.4,6.35,28.06,18.78,29.06,18.78,24.65,21.06,29.0,19.19,24.84,21.6
85,10,Colmar,7.3579641,48.0777517,7.358,48.0778,Europe/Paris,7200,2023-06-23 11:00:00,2023-06-22 22:43:00,2023-06-23 08:22:00,2023-06-23 19:34:19,2023-06-23 03:30:58,0.16,"You can expect rain in the morning, with partly cloudy in the afternoon",1024,73,15.43,2.41,23,502,Rain,forte pluie,10d,3.57,100,0.96,17.13,7.0,21.24,15.58,21.24,15.58,19.28,18.36,21.33,15.62,19.59,18.71
86,10,Colmar,7.3579641,48.0777517,7.358,48.0778,Europe/Paris,7200,2023-06-24 11:00:00,2023-06-23 23:01:00,2023-06-24 09:30:00,2023-06-24 19:34:26,2023-06-24 03:31:15,0.19,There will be partly cloudy today,1024,41,10.95,3.04,29,502,Rain,forte pluie,10d,3.52,48,0.04,,7.0,25.63,13.13,26.58,18.32,23.11,16.38,25.32,17.83,23.02,16.24
87,10,Colmar,7.3579641,48.0777517,7.358,48.0778,Europe/Paris,7200,2023-06-25 11:00:00,2023-06-24 23:16:00,2023-06-25 10:36:00,2023-06-25 19:34:30,2023-06-25 03:31:35,0.22,"There will be partly cloudy until morning, then clearing",1021,41,12.79,4.13,30,502,Rain,forte pluie,10d,8.0,8,0.0,,7.0,27.84,15.48,28.99,19.94,25.19,19.43,27.59,19.95,25.31,19.07
88,11,Eguisheim,7.3079618,48.0447968,7.308,48.0448,Europe/Paris,7200,2023-06-18 11:00:00,2023-06-18 20:28:00,2023-06-18 03:08:00,2023-06-18 19:33:08,2023-06-18 03:30:31,0.0,Expect a day of partly cloudy with rain,1013,35,10.94,6.73,234,502,Rain,forte pluie,10d,11.06,8,0.81,3.07,7.18,27.79,16.26,29.88,17.13,19.1,17.98,27.19,17.33,19.44,17.53
89,11,Eguisheim,7.3079618,48.0447968,7.308,48.0448,Europe/Paris,7200,2023-06-19 11:00:00,2023-06-19 21:16:00,2023-06-19 03:59:00,2023-06-19 19:33:28,2023-06-19 03:30:35,0.04,Expect a day of partly cloudy with rain,1014,45,13.81,2.58,196,502,Rain,forte pluie,10d,4.75,95,0.82,0.83,6.28,27.53,15.86,29.89,19.79,28.64,17.47,27.59,20.02,29.1,17.62
90,11,Eguisheim,7.3079618,48.0447968,7.308,48.0448,Europe/Paris,7200,2023-06-20 11:00:00,2023-06-20 21:53:00,2023-06-20 04:59:00,2023-06-20 19:33:45,2023-06-20 03:30:43,0.07,Expect a day of partly cloudy with rain,1013,38,13.69,4.5,214,502,Rain,forte pluie,10d,8.34,95,0.95,3.64,7.77,30.18,18.42,31.48,23.2,29.1,18.74,29.67,23.33,29.67,19.1
91,11,Eguisheim,7.3079618,48.0447968,7.308,48.0448,Europe/Paris,7200,2023-06-21 11:00:00,1970-01-01 00:00:00,2023-06-21 06:06:00,2023-06-21 19:34:00,2023-06-21 03:30:52,0.1,Expect a day of partly cloudy with rain,1016,49,16.98,3.95,279,502,Rain,forte pluie,10d,10.42,100,1.0,11.98,6.18,29.62,17.19,31.08,21.81,27.08,20.01,30.36,22.21,28.65,20.44
92,11,Eguisheim,7.3079618,48.0447968,7.308,48.0448,Europe/Paris,7200,2023-06-22 11:00:00,2023-06-21 22:21:00,2023-06-22 07:14:00,2023-06-22 19:34:12,2023-06-22 03:31:05,0.13,Expect a day of partly cloudy with rain,1017,54,17.09,4.37,229,502,Rain,forte pluie,10d,7.68,99,0.86,7.02,6.35,28.13,18.83,29.03,18.83,24.38,21.22,28.99,19.28,24.57,21.77
93,11,Eguisheim,7.3079618,48.0447968,7.308,48.0448,Europe/Paris,7200,2023-06-23 11:00:00,2023-06-22 22:43:00,2023-06-23 08:22:00,2023-06-23 19:34:21,2023-06-23 03:31:19,0.16,"You can expect rain in the morning, with partly cloudy in the afternoon",1024,74,15.48,2.13,28,502,Rain,forte pluie,10d,3.13,100,0.98,18.22,7.0,21.17,15.66,21.17,15.66,19.13,18.59,21.27,15.71,19.47,18.96
94,11,Eguisheim,7.3079618,48.0447968,7.308,48.0448,Europe/Paris,7200,2023-06-24 11:00:00,2023-06-23 23:01:00,2023-06-24 09:30:00,2023-06-24 19:34:28,2023-06-24 03:31:36,0.19,There will be partly cloudy today,1024,41,10.62,2.98,35,502,Rain,forte pluie,10d,3.6,44,0.04,,7.0,25.58,13.22,26.53,18.42,22.93,16.58,25.26,17.88,22.82,16.46
95,11,Eguisheim,7.3079618,48.0447968,7.308,48.0448,Europe/Paris,7200,2023-06-25 11:00:00,2023-06-24 23:16:00,2023-06-25 10:37:00,2023-06-25 19:34:33,2023-06-25 03:31:56,0.22,"There will be partly cloudy until morning, then clearing",1021,41,12.6,4.05,33,502,Rain,forte pluie,10d,8.01,7,0.0,,7.0,27.76,15.86,28.89,20.08,25.16,19.73,27.52,20.1,25.27,19.38
96,12,Besancon,6.0243622,47.2380222,6.0244,47.238,Europe/Paris,7200,2023-06-18 11:00:00,2023-06-18 20:29:00,2023-06-18 03:18:00,2023-06-18 19:34:37,2023-06-18 03:39:18,0.0,Expect a day of partly cloudy with rain,1013,44,13.93,7.59,274,502,Rain,forte pluie,10d,13.01,96,1.0,8.71,3.86,27.24,15.37,27.71,16.76,27.69,16.55,27.27,17.05,28.36,16.17
97,12,Besancon,6.0243622,47.2380222,6.0244,47.238,Europe/Paris,7200,2023-06-19 11:00:00,2023-06-19 21:17:00,2023-06-19 04:09:00,2023-06-19 19:34:57,2023-06-19 03:39:22,0.04,Expect a day of partly cloudy with rain,1013,50,14.52,2.81,309,502,Rain,forte pluie,10d,5.3,99,1.0,0.63,7.93,26.06,15.69,28.36,20.67,26.09,16.02,26.06,20.88,26.09,16.18
98,12,Besancon,6.0243622,47.2380222,6.0244,47.238,Europe/Paris,7200,2023-06-20 11:00:00,2023-06-20 21:55:00,2023-06-20 05:09:00,2023-06-20 19:35:14,2023-06-20 03:39:30,0.07,Expect a day of partly cloudy with rain,1014,45,14.91,4.16,255,502,Rain,forte pluie,10d,9.7,70,1.0,5.71,7.56,28.27,17.16,28.52,17.99,26.48,17.57,28.3,18.4,26.48,17.68
99,12,Besancon,6.0243622,47.2380222,6.0244,47.238,Europe/Paris,7200,2023-06-21 11:00:00,1970-01-01 00:00:00,2023-06-21 06:15:00,2023-06-21 19:35:29,2023-06-21 03:39:40,0.1,Expect a day of partly cloudy with rain,1016,54,17.56,2.7,328,502,Rain,forte pluie,10d,3.16,97,1.0,2.5,7.45,28.15,16.68,28.63,19.74,25.44,18.65,29.01,20.2,25.97,19.1
100,12,Besancon,6.0243622,47.2380222,6.0244,47.238,Europe/Paris,7200,2023-06-22 11:00:00,2023-06-21 22:23:00,2023-06-22 07:23:00,2023-06-22 19:35:41,2023-06-22 03:39:52,0.13,Expect a day of partly cloudy with rain,1019,72,18.42,3.74,277,502,Rain,forte pluie,10d,5.3,98,1.0,14.54,6.38,24.22,16.44,24.22,16.44,19.24,19.64,24.58,16.7,19.75,20.17
101,12,Besancon,6.0243622,47.2380222,6.0244,47.238,Europe/Paris,7200,2023-06-23 11:00:00,2023-06-22 22:46:00,2023-06-23 08:30:00,2023-06-23 19:35:51,2023-06-23 03:40:06,0.16,There will be rain today,1025,87,16.03,2.7,326,502,Rain,forte pluie,10d,4.81,100,1.0,8.93,7.0,18.72,15.69,21.1,15.69,18.84,16.86,18.92,15.82,19.18,17.16
102,12,Besancon,6.0243622,47.2380222,6.0244,47.238,Europe/Paris,7200,2023-06-24 11:00:00,2023-06-23 23:04:00,2023-06-24 09:37:00,2023-06-24 19:35:58,2023-06-24 03:40:23,0.19,Expect a day of partly cloudy with rain,1023,44,12.0,4.61,40,502,Rain,forte pluie,10d,7.68,63,0.11,,7.0,25.55,12.96,26.74,17.4,23.25,15.34,25.31,17.28,23.38,15.44
103,12,Besancon,6.0243622,47.2380222,6.0244,47.238,Europe/Paris,7200,2023-06-25 11:00:00,2023-06-24 23:21:00,2023-06-25 10:43:00,2023-06-25 19:36:02,2023-06-25 03:40:43,0.22,Expect a day of partly cloudy with clear spells,1020,39,12.56,4.69,36,502,Rain,forte pluie,10d,6.34,5,0.0,,7.0,28.11,13.72,28.79,19.65,25.06,18.19,27.69,19.66,25.32,17.97
104,13,Dijon,5.0414701,47.3215806,5.0415,47.3216,Europe/Paris,7200,2023-06-18 11:00:00,2023-06-18 20:33:00,2023-06-18 03:22:00,2023-06-18 19:38:56,2023-06-18 03:42:51,0.0,Expect a day of partly cloudy with rain,1013,57,14.54,8.04,301,502,Rain,forte pluie,10d,11.59,80,1.0,34.84,4.03,23.54,15.68,26.36,16.49,26.36,17.19,23.44,16.7,26.36,16.77
105,13,Dijon,5.0414701,47.3215806,5.0415,47.3216,Europe/Paris,7200,2023-06-19 11:00:00,2023-06-19 21:22:00,2023-06-19 04:13:00,2023-06-19 19:39:15,2023-06-19 03:42:56,0.04,There will be partly cloudy today,1014,65,16.28,4.57,193,502,Rain,forte pluie,10d,12.12,96,0.8,,7.36,23.65,15.78,25.79,19.56,25.19,16.68,23.77,19.82,25.54,16.88
106,13,Dijon,5.0414701,47.3215806,5.0415,47.3216,Europe/Paris,7200,2023-06-20 11:00:00,2023-06-20 21:59:00,2023-06-20 05:13:00,2023-06-20 19:39:32,2023-06-20 03:43:03,0.07,"You can expect partly cloudy in the morning, with rain in the afternoon",1014,55,16.41,4.17,191,502,Rain,forte pluie,10d,9.45,37,1.0,7.35,8.07,26.53,17.38,27.8,17.77,25.1,17.81,26.53,18.11,25.57,18.02
107,13,Dijon,5.0414701,47.3215806,5.0415,47.3216,Europe/Paris,7200,2023-06-21 11:00:00,1970-01-01 00:00:00,2023-06-21 06:18:00,2023-06-21 19:39:47,2023-06-21 03:43:13,0.1,Expect a day of partly cloudy with rain,1016,63,18.57,3.19,40,502,Rain,forte pluie,10d,6.62,81,0.8,12.32,7.39,26.54,17.05,27.33,19.53,20.63,17.84,26.54,19.97,21.26,18.16
108,13,Dijon,5.0414701,47.3215806,5.0415,47.3216,Europe/Paris,7200,2023-06-22 11:00:00,2023-06-21 22:27:00,2023-06-22 07:27:00,2023-06-22 19:39:59,2023-06-22 03:43:25,0.13,There will be rain today,1020,84,17.38,3.65,285,502,Rain,forte pluie,10d,5.65,100,1.0,12.79,5.22,20.5,17.48,23.98,17.48,20.54,18.6,20.8,17.76,21.0,19.02
109,13,Dijon,5.0414701,47.3215806,5.0415,47.3216,Europe/Paris,7200,2023-06-23 11:00:00,2023-06-22 22:50:00,2023-06-23 08:34:00,2023-06-23 19:40:09,2023-06-23 03:43:40,0.16,Expect a day of partly cloudy with rain,1025,76,15.63,3.68,352,502,Rain,forte pluie,10d,6.42,100,0.93,3.3,6.0,20.15,15.6,20.97,16.01,20.05,16.37,20.21,16.09,20.28,16.52
110,13,Dijon,5.0414701,47.3215806,5.0415,47.3216,Europe/Paris,7200,2023-06-24 11:00:00,2023-06-23 23:09:00,2023-06-24 09:41:00,2023-06-24 19:40:16,2023-06-24 03:43:57,0.19,Expect a day of partly cloudy with rain,1024,50,13.36,4.4,36,502,Rain,forte pluie,10d,10.21,35,0.19,,6.0,24.83,13.98,25.89,18.42,22.87,16.48,24.67,18.25,22.96,16.48
111,13,Dijon,5.0414701,47.3215806,5.0415,47.3216,Europe/Paris,7200,2023-06-25 11:00:00,2023-06-24 23:25:00,2023-06-25 10:47:00,2023-06-25 19:40:20,2023-06-25 03:44:17,0.22,There will be clear sky today,1021,48,14.52,4.46,18,502,Rain,forte pluie,10d,11.15,1,0.0,,6.0,26.72,14.92,28.19,21.67,25.32,17.84,27.05,21.54,25.66,17.61
112,14,Annecy,6.1288847,45.8992348,6.1289,45.8992,Europe/Paris,7200,2023-06-18 11:00:00,2023-06-18 20:21:00,2023-06-18 03:25:00,2023-06-18 19:28:28,2023-06-18 03:44:37,0.0,Expect a day of partly cloudy with rain,1015,42,12.43,2.7,235,502,Rain,forte pluie,10d,5.34,16,0.86,2.87,7.25,26.36,15.14,27.42,17.43,26.43,16.15,26.36,17.74,26.43,15.62
113,14,Annecy,6.1288847,45.8992348,6.1289,45.8992,Europe/Paris,7200,2023-06-19 11:00:00,2023-06-19 21:10:00,2023-06-19 04:16:00,2023-06-19 19:28:47,2023-06-19 03:44:42,0.04,"There will be rain until morning, then partly cloudy",1013,44,14.3,2.42,258,502,Rain,forte pluie,10d,3.78,81,0.95,0.87,8.6,29.13,15.9,30.33,19.86,26.99,16.7,29.14,20.12,28.07,16.91
114,14,Annecy,6.1288847,45.8992348,6.1289,45.8992,Europe/Paris,7200,2023-06-20 11:00:00,2023-06-20 21:48:00,2023-06-20 05:16:00,2023-06-20 19:29:04,2023-06-20 03:44:50,0.07,Expect a day of partly cloudy with rain,1014,44,15.12,2.45,270,502,Rain,forte pluie,10d,5.07,61,0.71,2.63,8.56,29.88,16.01,31.23,19.71,28.4,17.15,30.03,20.03,29.69,17.35
115,14,Annecy,6.1288847,45.8992348,6.1289,45.8992,Europe/Paris,7200,2023-06-21 11:00:00,1970-01-01 00:00:00,2023-06-21 06:20:00,2023-06-21 19:29:18,2023-06-21 03:45:00,0.1,Expect a day of partly cloudy with rain,1016,50,16.46,1.62,144,502,Rain,forte pluie,10d,1.53,97,0.75,1.12,6.93,29.21,17.52,31.05,21.02,26.76,20.11,29.94,21.45,28.53,20.53
116,14,Annecy,6.1288847,45.8992348,6.1289,45.8992,Europe/Paris,7200,2023-06-22 11:00:00,2023-06-21 22:17:00,2023-06-22 07:27:00,2023-06-22 19:29:31,2023-06-22 03:45:12,0.13,Expect a day of partly cloudy with rain,1018,62,16.48,3.22,240,502,Rain,forte pluie,10d,5.1,97,1.0,7.4,4.93,26.04,17.05,29.21,17.05,20.08,21.13,26.04,17.37,20.62,21.49
117,14,Annecy,6.1288847,45.8992348,6.1289,45.8992,Europe/Paris,7200,2023-06-23 11:00:00,2023-06-22 22:41:00,2023-06-23 08:33:00,2023-06-23 19:29:40,2023-06-23 03:45:26,0.16,"You can expect rain in the morning, with clearing in the afternoon",1022,81,16.07,2.52,359,502,Rain,forte pluie,10d,4.61,66,1.0,10.56,5.0,21.24,15.14,21.76,15.14,19.85,17.1,21.53,15.19,20.06,17.35
118,14,Annecy,6.1288847,45.8992348,6.1289,45.8992,Europe/Paris,7200,2023-06-24 11:00:00,2023-06-23 23:01:00,2023-06-24 09:39:00,2023-06-24 19:29:48,2023-06-24 03:45:43,0.19,Expect a day of partly cloudy with clear spells,1021,47,11.53,4.06,4,502,Rain,forte pluie,10d,6.67,50,0.01,,5.0,25.1,13.86,25.75,16.65,22.5,15.77,24.89,16.49,22.4,15.75
119,14,Annecy,6.1288847,45.8992348,6.1289,45.8992,Europe/Paris,7200,2023-06-25 11:00:00,2023-06-24 23:19:00,2023-06-25 10:43:00,2023-06-25 19:29:53,2023-06-25 03:46:02,0.22,There will be clear sky today,1019,46,13.28,2.6,357,502,Rain,forte pluie,10d,3.49,0,0.17,,5.0,27.26,14.28,28.04,17.84,23.68,18.08,27.41,17.59,23.72,18.01
120,15,Grenoble,5.7357819,45.1875602,5.7358,45.1876,Europe/Paris,7200,2023-06-18 11:00:00,2023-06-18 20:19:00,2023-06-18 03:30:00,2023-06-18 19:27:08,2023-06-18 03:49:06,0.0,"You can expect partly cloudy in the morning, with rain in the afternoon",1013,51,15.87,4.26,201,502,Rain,forte pluie,10d,6.95,67,0.51,0.2,7.61,26.85,16.93,29.78,19.73,27.69,18.1,27.34,20.06,28.62,17.79
121,15,Grenoble,5.7357819,45.1875602,5.7358,45.1876,Europe/Paris,7200,2023-06-19 11:00:00,2023-06-19 21:08:00,2023-06-19 04:21:00,2023-06-19 19:27:27,2023-06-19 03:49:11,0.04,"There will be rain until morning, then partly cloudy",1012,31,10.41,3.12,238,502,Rain,forte pluie,10d,5.67,66,0.59,1.21,8.56,31.91,17.57,32.47,21.05,29.28,18.68,30.83,21.19,30.88,19.01
122,15,Grenoble,5.7357819,45.1875602,5.7358,45.1876,Europe/Paris,7200,2023-06-20 11:00:00,2023-06-20 21:46:00,2023-06-20 05:21:00,2023-06-20 19:27:43,2023-06-20 03:49:19,0.07,There will be partly cloudy today,1013,37,13.82,2.81,234,502,Rain,forte pluie,10d,5.77,82,0.4,,8.63,32.62,18.06,33.85,21.55,30.11,19.36,32.63,22.03,32.07,19.47
123,15,Grenoble,5.7357819,45.1875602,5.7358,45.1876,Europe/Paris,7200,2023-06-21 11:00:00,1970-01-01 00:00:00,2023-06-21 06:25:00,2023-06-21 19:27:58,2023-06-21 03:49:29,0.1,There will be partly cloudy today,1015,38,14.28,1.69,133,502,Rain,forte pluie,10d,4.85,96,0.22,,6.68,33.1,19.01,33.56,22.74,28.08,22.34,33.52,23.39,31.53,22.67
124,15,Grenoble,5.7357819,45.1875602,5.7358,45.1876,Europe/Paris,7200,2023-06-22 11:00:00,2023-06-21 22:16:00,2023-06-22 07:31:00,2023-06-22 19:28:10,2023-06-22 03:49:41,0.13,"You can expect partly cloudy in the morning, with rain in the afternoon",1019,61,16.54,3.0,311,502,Rain,forte pluie,10d,5.43,97,0.96,3.63,2.67,27.47,18.3,30.34,18.3,22.57,22.83,28.79,18.74,23.15,23.0
125,15,Grenoble,5.7357819,45.1875602,5.7358,45.1876,Europe/Paris,7200,2023-06-23 11:00:00,2023-06-22 22:41:00,2023-06-23 08:37:00,2023-06-23 19:28:20,2023-06-23 03:49:56,0.16,Expect a day of partly cloudy with rain,1023,85,15.6,2.49,321,502,Rain,forte pluie,10d,3.89,79,1.0,6.85,3.0,21.17,16.61,21.41,16.61,19.93,18.7,21.56,16.86,20.35,19.08
126,15,Grenoble,5.7357819,45.1875602,5.7358,45.1876,Europe/Paris,7200,2023-06-24 11:00:00,2023-06-23 23:01:00,2023-06-24 09:42:00,2023-06-24 19:28:28,2023-06-24 03:50:12,0.19,Expect a day of partly cloudy with rain,1021,53,12.48,2.99,342,502,Rain,forte pluie,10d,4.41,83,0.2,0.1,3.0,25.38,15.67,27.41,17.69,24.14,17.14,25.36,17.84,24.41,17.42
127,15,Grenoble,5.7357819,45.1875602,5.7358,45.1876,Europe/Paris,7200,2023-06-25 11:00:00,2023-06-24 23:19:00,2023-06-25 10:46:00,2023-06-25 19:28:33,2023-06-25 03:50:31,0.22,There will be clear sky today,1019,48,15.2,2.55,332,502,Rain,forte pluie,10d,2.3,0,0.19,,3.0,29.81,16.07,30.14,19.49,26.06,20.29,30.48,19.69,26.06,20.39
128,16,Lyon,4.8320114,45.7578137,4.832,45.7578,Europe/Paris,7200,2023-06-18 11:00:00,2023-06-18 20:25:00,2023-06-18 03:31:00,2023-06-18 19:33:04,2023-06-18 03:50:23,0.0,Expect a day of partly cloudy with rain,1013,58,15.82,8.08,171,502,Rain,forte pluie,10d,12.21,20,0.76,0.42,7.6,24.63,18.23,30.41,18.95,28.09,18.64,24.66,19.09,28.12,18.47
129,16,Lyon,4.8320114,45.7578137,4.832,45.7578,Europe/Paris,7200,2023-06-19 11:00:00,2023-06-19 21:14:00,2023-06-19 04:22:00,2023-06-19 19:33:23,2023-06-19 03:50:29,0.04,There will be partly cloudy today,1012,30,9.92,6.81,172,502,Rain,forte pluie,10d,10.51,83,0.72,,8.15,29.62,17.28,31.27,21.71,29.55,18.04,28.41,21.48,28.8,18.04
130,16,Lyon,4.8320114,45.7578137,4.832,45.7578,Europe/Paris,7200,2023-06-20 11:00:00,2023-06-20 21:53:00,2023-06-20 05:22:00,2023-06-20 19:33:40,2023-06-20 03:50:36,0.07,Expect a day of partly cloudy with rain,1013,38,13.94,6.66,164,502,Rain,forte pluie,10d,9.67,62,0.47,1.26,8.73,30.35,17.35,32.2,20.4,30.65,18.44,29.86,20.95,30.89,18.38
131,16,Lyon,4.8320114,45.7578137,4.832,45.7578,Europe/Paris,7200,2023-06-21 11:00:00,1970-01-01 00:00:00,2023-06-21 06:26:00,2023-06-21 19:33:55,2023-06-21 03:50:46,0.1,There will be partly cloudy today,1015,43,16.66,2.25,315,502,Rain,forte pluie,10d,6.02,99,0.51,,6.91,30.94,18.22,32.77,22.61,29.93,20.48,31.29,23.07,30.95,20.88
132,16,Lyon,4.8320114,45.7578137,4.832,45.7578,Europe/Paris,7200,2023-06-22 11:00:00,2023-06-21 22:22:00,2023-06-22 07:33:00,2023-06-22 19:34:07,2023-06-22 03:50:58,0.13,"You can expect partly cloudy in the morning, with rain in the afternoon",1018,53,17.55,3.66,346,502,Rain,forte pluie,10d,5.99,91,1.0,26.62,5.44,28.45,18.56,28.45,18.56,19.43,21.3,29.29,18.95,19.96,21.65
133,16,Lyon,4.8320114,45.7578137,4.832,45.7578,Europe/Paris,7200,2023-06-23 11:00:00,2023-06-22 22:46:00,2023-06-23 08:39:00,2023-06-23 19:34:16,2023-06-23 03:51:13,0.16,Expect a day of partly cloudy with rain,1024,58,14.36,5.95,358,502,Rain,forte pluie,10d,9.36,35,1.0,4.46,6.0,23.53,16.63,24.69,18.48,22.3,18.48,23.45,18.47,22.28,18.76
134,16,Lyon,4.8320114,45.7578137,4.832,45.7578,Europe/Paris,7200,2023-06-24 11:00:00,2023-06-23 23:06:00,2023-06-24 09:45:00,2023-06-24 19:34:24,2023-06-24 03:51:30,0.19,Expect a day of partly cloudy with clear spells,1022,44,12.5,6.79,350,502,Rain,forte pluie,10d,10.84,78,0.0,,6.0,26.08,16.08,26.97,20.51,24.47,17.92,26.08,20.18,24.33,17.86
135,16,Lyon,4.8320114,45.7578137,4.832,45.7578,Europe/Paris,7200,2023-06-25 11:00:00,2023-06-24 23:24:00,2023-06-25 10:49:00,2023-06-25 19:34:29,2023-06-25 03:51:49,0.22,There will be clear sky today,1020,42,13.29,3.45,349,502,Rain,forte pluie,10d,7.12,0,0.0,,6.0,27.84,16.58,30.12,22.14,27.11,18.42,27.66,22.13,27.72,18.22
136,17,Gorges du Verdon,6.3285616,43.7496562,6.3286,43.7497,Europe/Paris,7200,2023-06-18 11:00:00,2023-06-18 20:09:00,2023-06-18 03:35:00,2023-06-18 19:19:09,2023-06-18 03:52:20,0.0,"You can expect partly cloudy in the morning, with rain in the afternoon",1016,55,12.1,3.91,181,502,Rain,forte pluie,10d,3.8,92,0.32,0.14,8.69,21.51,14.8,24.56,16.07,22.57,15.89,21.15,16.16,22.45,15.62
137,17,Gorges du Verdon,6.3285616,43.7496562,6.3286,43.7497,Europe/Paris,7200,2023-06-19 11:00:00,2023-06-19 20:58:00,2023-06-19 04:26:00,2023-06-19 19:19:28,2023-06-19 03:52:26,0.04,Expect a day of partly cloudy with rain,1015,37,9.92,4.14,152,502,Rain,forte pluie,10d,4.83,88,0.29,0.42,9.11,25.78,14.89,26.51,17.7,23.31,16.11,25.38,17.3,23.0,15.76
138,17,Gorges du Verdon,6.3285616,43.7496562,6.3286,43.7497,Europe/Paris,7200,2023-06-20 11:00:00,2023-06-20 21:38:00,2023-06-20 05:25:00,2023-06-20 19:19:44,2023-06-20 03:52:34,0.07,Expect a day of partly cloudy with rain,1016,36,10.96,4.68,138,502,Rain,forte pluie,10d,5.89,97,0.23,0.11,8.32,27.27,16.99,27.84,18.35,24.49,17.51,26.86,17.89,24.25,16.83
139,17,Gorges du Verdon,6.3285616,43.7496562,6.3286,43.7497,Europe/Paris,7200,2023-06-21 11:00:00,1970-01-01 00:00:00,2023-06-21 06:28:00,2023-06-21 19:19:59,2023-06-21 03:52:44,0.1,"You can expect partly cloudy in the morning, with clearing in the afternoon",1017,34,11.01,3.66,137,502,Rain,forte pluie,10d,5.34,100,0.0,,6.3,28.27,18.0,28.27,19.76,24.03,21.26,27.51,19.12,23.9,20.88
140,17,Gorges du Verdon,6.3285616,43.7496562,6.3286,43.7497,Europe/Paris,7200,2023-06-22 11:00:00,2023-06-21 22:09:00,2023-06-22 07:34:00,2023-06-22 19:20:11,2023-06-22 03:52:56,0.13,"There will be clear sky until morning, then partly cloudy",1018,28,9.29,3.39,178,502,Rain,forte pluie,10d,4.0,96,0.28,,7.79,29.49,18.72,29.49,18.72,24.73,22.29,28.17,18.71,24.72,21.88
141,17,Gorges du Verdon,6.3285616,43.7496562,6.3286,43.7497,Europe/Paris,7200,2023-06-23 11:00:00,2023-06-22 22:35:00,2023-06-23 08:38:00,2023-06-23 19:20:21,2023-06-23 03:53:10,0.16,Expect a day of partly cloudy with rain,1017,36,9.63,4.74,298,502,Rain,forte pluie,10d,6.52,35,0.39,0.3,8.0,26.13,16.7,26.13,16.8,22.2,19.35,26.13,16.62,22.04,19.12
142,17,Gorges du Verdon,6.3285616,43.7496562,6.3286,43.7497,Europe/Paris,7200,2023-06-24 11:00:00,2023-06-23 22:56:00,2023-06-24 09:42:00,2023-06-24 19:20:29,2023-06-24 03:53:27,0.19,Expect a day of partly cloudy with rain,1017,40,12.08,3.16,268,502,Rain,forte pluie,10d,3.6,6,0.23,0.14,8.0,26.82,15.27,26.82,18.52,21.8,19.44,26.73,18.33,21.73,19.16
143,17,Gorges du Verdon,6.3285616,43.7496562,6.3286,43.7497,Europe/Paris,7200,2023-06-25 11:00:00,2023-06-24 23:15:00,2023-06-25 10:44:00,2023-06-25 19:20:34,2023-06-25 03:53:45,0.22,Expect a day of partly cloudy with clear spells,1017,38,12.72,3.42,273,502,Rain,forte pluie,10d,3.15,2,0.13,,8.0,28.55,16.81,28.55,18.85,23.48,20.85,28.01,18.78,23.53,20.61
144,18,Bormes les Mimosas,6.3419285,43.1506968,6.3419,43.1507,Europe/Paris,7200,2023-06-18 11:00:00,2023-06-18 20:06:00,2023-06-18 03:37:00,2023-06-18 19:16:52,2023-06-18 03:54:31,0.0,Expect a day of partly cloudy with clear spells,1016,72,19.94,4.16,76,502,Rain,forte pluie,10d,5.13,17,0.03,,8.84,25.35,20.16,25.57,21.71,24.6,20.68,25.82,22.0,24.79,20.87
145,18,Bormes les Mimosas,6.3419285,43.1506968,6.3419,43.1507,Europe/Paris,7200,2023-06-19 11:00:00,2023-06-19 20:55:00,2023-06-19 04:29:00,2023-06-19 19:17:10,2023-06-19 03:54:37,0.04,Expect a day of partly cloudy with rain,1015,61,16.91,7.35,75,502,Rain,forte pluie,10d,12.78,57,0.23,0.17,9.14,25.77,20.09,26.25,21.65,24.31,20.7,26.0,22.01,24.57,21.02
146,18,Bormes les Mimosas,6.3419285,43.1506968,6.3419,43.1507,Europe/Paris,7200,2023-06-20 11:00:00,2023-06-20 21:35:00,2023-06-20 05:28:00,2023-06-20 19:17:27,2023-06-20 03:54:45,0.07,Expect a day of partly cloudy with rain,1015,61,16.96,8.2,75,502,Rain,forte pluie,10d,13.42,97,0.25,0.1,7.96,25.74,21.03,25.91,21.03,23.73,21.67,25.96,21.43,24.06,22.03
147,18,Bormes les Mimosas,6.3419285,43.1506968,6.3419,43.1507,Europe/Paris,7200,2023-06-21 11:00:00,1970-01-01 00:00:00,2023-06-21 06:31:00,2023-06-21 19:17:41,2023-06-21 03:54:55,0.1,There will be partly cloudy today,1016,62,18.02,8.0,72,502,Rain,forte pluie,10d,10.87,100,0.0,,7.31,26.71,20.86,26.81,21.82,24.46,22.51,27.85,22.07,24.71,22.91
148,18,Bormes les Mimosas,6.3419285,43.1506968,6.3419,43.1507,Europe/Paris,7200,2023-06-22 11:00:00,2023-06-21 22:07:00,2023-06-22 07:35:00,2023-06-22 19:17:53,2023-06-22 03:55:07,0.13,There will be partly cloudy today,1017,58,17.64,6.01,60,502,Rain,forte pluie,10d,10.16,85,0.0,,6.1,27.87,21.19,28.1,23.34,25.36,23.12,29.05,23.74,25.75,23.45
149,18,Bormes les Mimosas,6.3419285,43.1506968,6.3419,43.1507,Europe/Paris,7200,2023-06-23 11:00:00,2023-06-22 22:33:00,2023-06-23 08:39:00,2023-06-23 19:18:03,2023-06-23 03:55:21,0.16,Expect a day of partly cloudy with clear spells,1015,39,12.45,8.45,274,502,Rain,forte pluie,10d,10.11,53,0.0,,7.0,29.7,22.21,29.93,22.97,26.76,23.53,29.24,22.97,27.25,23.64
150,18,Bormes les Mimosas,6.3419285,43.1506968,6.3419,43.1507,Europe/Paris,7200,2023-06-24 11:00:00,2023-06-23 22:55:00,2023-06-24 09:42:00,2023-06-24 19:18:11,2023-06-24 03:55:38,0.19,Expect a day of partly cloudy with clear spells,1016,55,16.77,3.94,357,502,Rain,forte pluie,10d,5.53,0,0.02,,7.0,27.98,20.82,27.98,23.96,26.44,22.45,28.9,24.03,26.44,22.47
151,18,Bormes les Mimosas,6.3419285,43.1506968,6.3419,43.1507,Europe/Paris,7200,2023-06-25 11:00:00,2023-06-24 23:15:00,2023-06-25 10:45:00,2023-06-25 19:18:17,2023-06-25 03:55:56,0.22,There will be clear sky today,1017,60,18.11,3.71,154,502,Rain,forte pluie,10d,4.52,0,0.0,,7.0,27.66,21.98,27.73,24.12,26.2,23.85,28.96,24.31,26.2,24.17
152,19,Cassis,5.5396318,43.2140359,5.5396,43.214,Europe/Paris,7200,2023-06-18 11:00:00,2023-06-18 20:10:00,2023-06-18 03:40:00,2023-06-18 19:20:19,2023-06-18 03:57:29,0.0,There will be partly cloudy today,1015,42,13.72,6.26,153,502,Rain,forte pluie,10d,8.99,75,0.0,,8.81,27.8,22.05,28.38,24.06,25.49,22.32,27.62,24.19,25.58,22.36
153,19,Cassis,5.5396318,43.2140359,5.5396,43.214,Europe/Paris,7200,2023-06-19 11:00:00,2023-06-19 20:59:00,2023-06-19 04:32:00,2023-06-19 19:20:37,2023-06-19 03:57:35,0.04,Expect a day of partly cloudy with rain,1013,49,14.38,9.79,105,502,Rain,forte pluie,10d,15.69,60,0.36,1.11,9.1,27.85,22.45,27.85,25.48,27.49,22.63,28.2,25.44,27.75,22.67
154,19,Cassis,5.5396318,43.2140359,5.5396,43.214,Europe/Paris,7200,2023-06-20 11:00:00,2023-06-20 21:39:00,2023-06-20 05:31:00,2023-06-20 19:20:53,2023-06-20 03:57:43,0.07,Expect a day of partly cloudy with rain,1014,47,15.12,8.76,126,502,Rain,forte pluie,10d,14.63,100,0.32,0.18,7.9,28.79,23.2,29.09,24.69,27.57,23.24,29.06,24.86,28.14,23.34
155,19,Cassis,5.5396318,43.2140359,5.5396,43.214,Europe/Paris,7200,2023-06-21 11:00:00,1970-01-01 00:00:00,2023-06-21 06:34:00,2023-06-21 19:21:08,2023-06-21 03:57:53,0.1,There will be partly cloudy today,1015,50,15.97,8.42,119,502,Rain,forte pluie,10d,13.54,100,0.0,,6.51,28.9,23.65,30.35,26.39,29.09,24.4,29.53,26.39,29.2,24.54
156,19,Cassis,5.5396318,43.2140359,5.5396,43.214,Europe/Paris,7200,2023-06-22 11:00:00,2023-06-21 22:10:00,2023-06-22 07:39:00,2023-06-22 19:21:20,2023-06-22 03:58:06,0.13,There will be partly cloudy today,1017,57,16.99,4.23,281,502,Rain,forte pluie,10d,6.08,88,0.0,,8.17,27.39,24.7,27.86,25.15,26.15,25.53,28.34,25.57,26.15,25.6
157,19,Cassis,5.5396318,43.2140359,5.5396,43.214,Europe/Paris,7200,2023-06-23 11:00:00,2023-06-22 22:36:00,2023-06-23 08:42:00,2023-06-23 19:21:30,2023-06-23 03:58:20,0.16,There will be partly cloudy today,1017,45,14.27,12.61,324,502,Rain,forte pluie,10d,17.85,50,0.0,,9.0,28.17,22.55,28.45,24.08,26.26,23.07,28.2,23.95,26.26,23.16
158,19,Cassis,5.5396318,43.2140359,5.5396,43.214,Europe/Paris,7200,2023-06-24 11:00:00,2023-06-23 22:58:00,2023-06-24 09:46:00,2023-06-24 19:21:38,2023-06-24 03:58:36,0.19,"There will be partly cloudy until morning, then clearing",1017,47,14.86,6.67,323,502,Rain,forte pluie,10d,8.58,0,0.0,,9.0,28.27,22.03,28.83,26.1,28.06,23.35,28.48,26.1,28.61,23.26
159,19,Cassis,5.5396318,43.2140359,5.5396,43.214,Europe/Paris,7200,2023-06-25 11:00:00,2023-06-24 23:18:00,2023-06-25 10:48:00,2023-06-25 19:21:44,2023-06-25 03:58:54,0.22,There will be clear sky today,1017,60,17.82,3.05,190,502,Rain,forte pluie,10d,3.19,0,0.0,,9.0,27.39,24.67,28.0,25.84,26.81,25.6,28.59,26.1,27.91,25.65
160,20,Marseille,5.3699525,43.2961743,5.37,43.2962,Europe/Paris,7200,2023-06-18 11:00:00,2023-06-18 20:11:00,2023-06-18 03:41:00,2023-06-18 19:21:18,2023-06-18 03:57:52,0.0,Expect a day of partly cloudy with clear spells,1014,47,15.45,6.82,149,502,Rain,forte pluie,10d,9.05,14,0.0,,8.71,27.78,22.49,28.44,24.22,25.21,22.6,27.97,24.42,25.35,22.69
161,20,Marseille,5.3699525,43.2961743,5.37,43.2962,Europe/Paris,7200,2023-06-19 11:00:00,2023-06-19 21:00:00,2023-06-19 04:32:00,2023-06-19 19:21:36,2023-06-19 03:57:58,0.04,Expect a day of partly cloudy with rain,1013,54,15.38,10.47,115,502,Rain,forte pluie,10d,16.67,64,0.36,0.49,8.94,27.02,22.79,27.36,25.98,27.36,22.89,27.69,25.98,27.7,22.93
162,20,Marseille,5.3699525,43.2961743,5.37,43.2962,Europe/Paris,7200,2023-06-20 11:00:00,2023-06-20 21:40:00,2023-06-20 05:31:00,2023-06-20 19:21:52,2023-06-20 03:58:06,0.07,There will be partly cloudy today,1013,49,15.8,8.64,135,502,Rain,forte pluie,10d,14.92,99,0.12,,8.19,28.4,23.75,28.53,25.1,27.17,23.77,28.81,25.31,27.92,23.85
163,20,Marseille,5.3699525,43.2961743,5.37,43.2962,Europe/Paris,7200,2023-06-21 11:00:00,1970-01-01 00:00:00,2023-06-21 06:34:00,2023-06-21 19:22:07,2023-06-21 03:58:16,0.1,There will be partly cloudy today,1015,52,16.23,8.46,129,502,Rain,forte pluie,10d,13.89,100,0.0,,7.24,28.12,23.88,29.69,26.43,28.57,24.48,28.78,26.43,29.01,24.6
164,20,Marseille,5.3699525,43.2961743,5.37,43.2962,Europe/Paris,7200,2023-06-22 11:00:00,2023-06-21 22:11:00,2023-06-22 07:39:00,2023-06-22 19:22:19,2023-06-22 03:58:28,0.13,There will be partly cloudy today,1017,58,17.32,4.18,267,502,Rain,forte pluie,10d,5.88,86,0.06,,8.38,27.26,24.69,27.62,25.3,26.36,25.06,28.26,25.74,26.36,25.14
165,20,Marseille,5.3699525,43.2961743,5.37,43.2962,Europe/Paris,7200,2023-06-23 11:00:00,2023-06-22 22:37:00,2023-06-23 08:43:00,2023-06-23 19:22:29,2023-06-23 03:58:42,0.16,There will be partly cloudy today,1018,47,14.73,13.95,328,502,Rain,forte pluie,10d,19.5,38,0.08,,9.0,27.75,22.4,28.16,24.22,26.17,22.72,27.94,24.11,26.17,22.8
166,20,Marseille,5.3699525,43.2961743,5.37,43.2962,Europe/Paris,7200,2023-06-24 11:00:00,2023-06-23 22:59:00,2023-06-24 09:46:00,2023-06-24 19:22:37,2023-06-24 03:58:59,0.19,"There will be partly cloudy until morning, then clearing",1017,47,14.96,8.6,325,502,Rain,forte pluie,10d,10.9,1,0.0,,9.0,28.33,21.62,29.18,26.6,28.63,22.52,28.54,26.6,29.08,22.45
167,20,Marseille,5.3699525,43.2961743,5.37,43.2962,Europe/Paris,7200,2023-06-25 11:00:00,2023-06-24 23:19:00,2023-06-25 10:49:00,2023-06-25 19:22:42,2023-06-25 03:59:17,0.22,There will be clear sky today,1017,57,17.37,3.41,218,502,Rain,forte pluie,10d,3.68,0,0.0,,9.0,27.78,24.9,27.79,26.0,26.87,25.32,28.83,26.0,28.06,25.45
168,21,Aix en Provence,5.4474738,43.5298424,5.4475,43.5298,Europe/Paris,7200,2023-06-18 11:00:00,2023-06-18 20:12:00,2023-06-18 03:39:00,2023-06-18 19:21:51,2023-06-18 03:56:41,0.0,There will be partly cloudy today,1014,45,14.91,5.42,193,502,Rain,forte pluie,10d,5.93,78,0.0,,8.35,27.94,20.15,28.55,24.01,27.9,20.39,27.97,23.82,27.27,20.31
169,21,Aix en Provence,5.4474738,43.5298424,5.4475,43.5298,Europe/Paris,7200,2023-06-19 11:00:00,2023-06-19 21:01:00,2023-06-19 04:31:00,2023-06-19 19:22:10,2023-06-19 03:56:47,0.04,Expect a day of partly cloudy with rain,1014,28,9.84,5.88,109,502,Rain,forte pluie,10d,13.93,64,0.37,0.96,8.81,30.55,20.05,31.31,23.77,28.16,20.47,29.12,23.53,27.6,20.45
170,21,Aix en Provence,5.4474738,43.5298424,5.4475,43.5298,Europe/Paris,7200,2023-06-20 11:00:00,2023-06-20 21:41:00,2023-06-20 05:30:00,2023-06-20 19:22:26,2023-06-20 03:56:55,0.07,There will be partly cloudy today,1014,34,13.09,5.2,135,502,Rain,forte pluie,10d,11.66,97,0.12,,8.53,30.89,21.53,31.46,23.42,28.98,21.81,30.02,23.38,28.5,21.67
171,21,Aix en Provence,5.4474738,43.5298424,5.4475,43.5298,Europe/Paris,7200,2023-06-21 11:00:00,1970-01-01 00:00:00,2023-06-21 06:33:00,2023-06-21 19:22:40,2023-06-21 03:57:05,0.1,There will be partly cloudy today,1015,33,13.27,4.5,126,502,Rain,forte pluie,10d,8.52,100,0.0,,7.14,31.62,21.77,33.1,25.3,30.36,22.88,30.74,25.14,29.45,22.76
172,21,Aix en Provence,5.4474738,43.5298424,5.4475,43.5298,Europe/Paris,7200,2023-06-22 11:00:00,2023-06-21 22:12:00,2023-06-22 07:38:00,2023-06-22 19:22:52,2023-06-22 03:57:17,0.13,There will be partly cloudy today,1017,39,13.67,4.5,265,502,Rain,forte pluie,10d,5.35,90,0.12,,8.28,29.35,22.72,30.41,25.31,28.37,24.05,28.87,25.44,28.68,23.87
173,21,Aix en Provence,5.4474738,43.5298424,5.4475,43.5298,Europe/Paris,7200,2023-06-23 11:00:00,2023-06-22 22:38:00,2023-06-23 08:42:00,2023-06-23 19:23:02,2023-06-23 03:57:31,0.16,Expect a day of partly cloudy with clear spells,1017,38,12.95,9.63,318,502,Rain,forte pluie,10d,12.52,21,0.24,,9.0,28.96,20.88,28.96,22.57,25.02,21.57,28.4,22.24,24.8,21.48
174,21,Aix en Provence,5.4474738,43.5298424,5.4475,43.5298,Europe/Paris,7200,2023-06-24 11:00:00,2023-06-23 22:59:00,2023-06-24 09:46:00,2023-06-24 19:23:10,2023-06-24 03:57:48,0.19,There will be clear sky today,1017,32,11.76,4.09,267,502,Rain,forte pluie,10d,4.44,2,0.0,,9.0,30.84,19.43,31.7,26.7,30.06,21.12,29.76,26.84,29.14,20.83
175,21,Aix en Provence,5.4474738,43.5298424,5.4475,43.5298,Europe/Paris,7200,2023-06-25 11:00:00,2023-06-24 23:19:00,2023-06-25 10:48:00,2023-06-25 19:23:16,2023-06-25 03:58:06,0.22,There will be clear sky today,1017,30,12.05,4.84,245,502,Rain,forte pluie,10d,4.8,0,0.0,,9.0,32.12,22.8,32.12,25.62,28.49,24.19,30.95,25.67,28.44,24.07
176,22,Avignon,4.8059012,43.9492493,4.8059,43.9492,Europe/Paris,7200,2023-06-18 11:00:00,2023-06-18 20:16:00,2023-06-18 03:40:00,2023-06-18 19:26:00,2023-06-18 03:57:40,0.0,Expect a day of partly cloudy with clear spells,1014,55,17.19,7.03,173,502,Rain,forte pluie,10d,8.09,16,0.0,,8.49,26.99,19.58,29.49,21.58,27.88,20.51,27.72,21.41,27.5,20.34
177,22,Avignon,4.8059012,43.9492493,4.8059,43.9492,Europe/Paris,7200,2023-06-19 11:00:00,2023-06-19 21:05:00,2023-06-19 04:31:00,2023-06-19 19:26:19,2023-06-19 03:57:46,0.04,Expect a day of partly cloudy with rain,1013,27,10.33,6.5,199,502,Rain,forte pluie,10d,8.26,65,0.46,0.47,8.34,31.49,18.14,32.17,23.84,27.52,19.23,29.97,23.61,27.64,19.14
178,22,Avignon,4.8059012,43.9492493,4.8059,43.9492,Europe/Paris,7200,2023-06-20 11:00:00,2023-06-20 21:45:00,2023-06-20 05:31:00,2023-06-20 19:26:35,2023-06-20 03:57:54,0.07,There will be partly cloudy today,1013,36,14.23,6.86,179,502,Rain,forte pluie,10d,7.45,78,0.07,,8.45,31.24,19.67,32.88,22.74,30.02,20.57,30.66,22.95,29.49,20.56
179,22,Avignon,4.8059012,43.9492493,4.8059,43.9492,Europe/Paris,7200,2023-06-21 11:00:00,1970-01-01 00:00:00,2023-06-21 06:34:00,2023-06-21 19:26:50,2023-06-21 03:58:04,0.1,There will be partly cloudy today,1015,35,14.43,4.27,194,502,Rain,forte pluie,10d,7.44,100,0.0,,6.62,31.63,21.23,34.12,23.22,30.58,22.79,31.01,23.35,30.13,23.06
180,22,Avignon,4.8059012,43.9492493,4.8059,43.9492,Europe/Paris,7200,2023-06-22 11:00:00,2023-06-21 22:16:00,2023-06-22 07:39:00,2023-06-22 19:27:02,2023-06-22 03:58:16,0.13,"You can expect partly cloudy in the morning, with rain in the afternoon",1017,38,15.34,4.6,327,502,Rain,forte pluie,10d,8.69,91,0.73,3.87,5.47,31.64,20.67,31.64,20.92,28.35,23.55,31.45,21.31,29.16,23.87
181,22,Avignon,4.8059012,43.9492493,4.8059,43.9492,Europe/Paris,7200,2023-06-23 11:00:00,2023-06-22 22:41:00,2023-06-23 08:44:00,2023-06-23 19:27:12,2023-06-23 03:58:30,0.16,Expect a day of partly cloudy with rain,1019,43,14.29,11.31,347,502,Rain,forte pluie,10d,18.74,15,0.74,1.99,6.0,28.21,18.74,28.45,22.79,25.1,20.61,28.08,22.53,24.95,20.66
182,22,Avignon,4.8059012,43.9492493,4.8059,43.9492,Europe/Paris,7200,2023-06-24 11:00:00,2023-06-23 23:03:00,2023-06-24 09:48:00,2023-06-24 19:27:20,2023-06-24 03:58:47,0.19,Expect a day of partly cloudy with clear spells,1017,38,13.14,10.82,353,502,Rain,forte pluie,10d,17.49,42,0.0,,6.0,28.8,19.18,30.33,24.06,27.63,20.03,28.24,23.88,27.54,19.92
183,22,Avignon,4.8059012,43.9492493,4.8059,43.9492,Europe/Paris,7200,2023-06-25 11:00:00,2023-06-24 23:22:00,2023-06-25 10:50:00,2023-06-25 19:27:25,2023-06-25 03:59:05,0.22,There will be clear sky today,1017,34,14.28,7.02,0,502,Rain,forte pluie,10d,11.88,0,0.0,,6.0,32.21,20.28,33.2,24.83,29.8,21.57,31.59,24.83,29.81,21.4
184,23,Uzes,4.4196718,44.0121279,4.4197,44.0121,Europe/Paris,7200,2023-06-18 11:00:00,2023-06-18 20:18:00,2023-06-18 03:41:00,2023-06-18 19:27:47,2023-06-18 03:58:58,0.0,There will be partly cloudy today,1014,41,11.91,7.37,174,502,Rain,forte pluie,10d,8.61,86,0.0,,8.05,26.19,18.19,28.57,19.56,26.78,19.57,26.19,19.45,26.66,19.51
185,23,Uzes,4.4196718,44.0121279,4.4197,44.0121,Europe/Paris,7200,2023-06-19 11:00:00,2023-06-19 21:07:00,2023-06-19 04:33:00,2023-06-19 19:28:06,2023-06-19 03:59:04,0.04,Expect a day of partly cloudy with rain,1014,32,11.3,7.06,165,502,Rain,forte pluie,10d,9.13,78,0.51,0.52,8.36,29.83,16.99,31.07,21.78,26.5,18.35,28.74,21.55,26.5,18.3
186,23,Uzes,4.4196718,44.0121279,4.4197,44.0121,Europe/Paris,7200,2023-06-20 11:00:00,2023-06-20 21:47:00,2023-06-20 05:32:00,2023-06-20 19:28:22,2023-06-20 03:59:12,0.07,There will be partly cloudy today,1013,40,14.81,7.13,179,502,Rain,forte pluie,10d,7.71,65,0.21,,8.7,29.7,19.15,31.78,21.32,27.96,19.82,29.35,21.6,27.99,20.0
187,23,Uzes,4.4196718,44.0121279,4.4197,44.0121,Europe/Paris,7200,2023-06-21 11:00:00,1970-01-01 00:00:00,2023-06-21 06:35:00,2023-06-21 19:28:37,2023-06-21 03:59:22,0.1,There will be partly cloudy today,1015,38,14.54,5.46,170,502,Rain,forte pluie,10d,7.95,100,0.0,,8.24,30.29,20.05,32.69,21.55,27.98,22.53,29.79,21.85,28.09,22.8
188,23,Uzes,4.4196718,44.0121279,4.4197,44.0121,Europe/Paris,7200,2023-06-22 11:00:00,2023-06-21 22:18:00,2023-06-22 07:41:00,2023-06-22 19:28:49,2023-06-22 03:59:34,0.13,"You can expect partly cloudy in the morning, with rain in the afternoon",1017,38,15.64,3.78,201,502,Rain,forte pluie,10d,6.31,81,0.83,3.9,3.75,31.91,19.79,31.91,20.27,25.26,22.96,31.81,20.7,25.62,23.3
189,23,Uzes,4.4196718,44.0121279,4.4197,44.0121,Europe/Paris,7200,2023-06-23 11:00:00,2023-06-22 22:43:00,2023-06-23 08:45:00,2023-06-23 19:28:59,2023-06-23 03:59:48,0.16,Expect a day of partly cloudy with rain,1019,35,12.25,9.14,4,502,Rain,forte pluie,10d,15.09,5,0.76,1.05,4.0,29.37,17.7,29.37,21.94,26.06,19.78,28.54,21.55,26.06,19.8
190,23,Uzes,4.4196718,44.0121279,4.4197,44.0121,Europe/Paris,7200,2023-06-24 11:00:00,2023-06-23 23:05:00,2023-06-24 09:49:00,2023-06-24 19:29:07,2023-06-24 04:00:05,0.19,Expect a day of partly cloudy with clear spells,1018,34,11.19,11.18,15,502,Rain,forte pluie,10d,16.3,86,0.0,,4.0,28.66,19.32,29.64,22.94,27.21,20.57,27.83,22.62,27.07,20.28
191,23,Uzes,4.4196718,44.0121279,4.4197,44.0121,Europe/Paris,7200,2023-06-25 11:00:00,2023-06-24 23:23:00,2023-06-25 10:52:00,2023-06-25 19:29:12,2023-06-25 04:00:23,0.22,There will be clear sky today,1017,34,13.73,6.44,8,502,Rain,forte pluie,10d,12.86,0,0.0,,4.0,31.4,18.53,33.21,23.91,29.89,20.78,30.6,23.71,29.35,20.51
192,24,Nimes,4.3600687,43.8374249,4.3601,43.8374,Europe/Paris,7200,2023-06-18 11:00:00,2023-06-18 20:18:00,2023-06-18 03:42:00,2023-06-18 19:27:22,2023-06-18 03:59:52,0.0,There will be partly cloudy today,1015,60,18.25,7.37,164,502,Rain,forte pluie,10d,8.69,77,0.0,,8.73,26.65,19.36,28.61,20.78,26.82,20.68,26.65,20.79,26.73,20.71
193,24,Nimes,4.3600687,43.8374249,4.3601,43.8374,Europe/Paris,7200,2023-06-19 11:00:00,2023-06-19 21:07:00,2023-06-19 04:34:00,2023-06-19 19:27:40,2023-06-19 03:59:58,0.04,Expect a day of partly cloudy with rain,1014,30,10.97,7.08,166,502,Rain,forte pluie,10d,9.08,76,0.52,0.78,8.29,30.29,18.24,30.64,24.07,28.03,19.24,29.03,23.86,27.56,19.23
194,24,Nimes,4.3600687,43.8374249,4.3601,43.8374,Europe/Paris,7200,2023-06-20 11:00:00,2023-06-20 21:46:00,2023-06-20 05:33:00,2023-06-20 19:27:57,2023-06-20 04:00:06,0.07,There will be partly cloudy today,1013,38,14.62,6.91,168,502,Rain,forte pluie,10d,10.75,75,0.28,,8.4,30.38,20.62,31.41,21.95,27.75,21.01,29.9,22.34,28.09,20.99
195,24,Nimes,4.3600687,43.8374249,4.3601,43.8374,Europe/Paris,7200,2023-06-21 11:00:00,1970-01-01 00:00:00,2023-06-21 06:36:00,2023-06-21 19:28:11,2023-06-21 04:00:16,0.1,There will be partly cloudy today,1015,37,14.33,5.71,164,502,Rain,forte pluie,10d,8.76,100,0.0,,7.41,30.82,20.99,32.42,22.16,27.64,23.01,30.29,22.6,28.14,23.32
196,24,Nimes,4.3600687,43.8374249,4.3601,43.8374,Europe/Paris,7200,2023-06-22 11:00:00,2023-06-21 22:17:00,2023-06-22 07:41:00,2023-06-22 19:28:23,2023-06-22 04:00:28,0.13,"You can expect partly cloudy in the morning, with rain in the afternoon",1017,40,16.5,4.28,33,502,Rain,forte pluie,10d,7.42,77,0.83,4.74,4.19,31.58,20.81,31.58,21.48,26.06,23.46,31.69,21.96,26.06,23.9
197,24,Nimes,4.3600687,43.8374249,4.3601,43.8374,Europe/Paris,7200,2023-06-23 11:00:00,2023-06-22 22:43:00,2023-06-23 08:46:00,2023-06-23 19:28:33,2023-06-23 04:00:43,0.16,Expect a day of partly cloudy with rain,1019,33,12.09,8.93,3,502,Rain,forte pluie,10d,13.99,16,0.79,1.15,5.0,30.28,19.06,30.37,23.12,27.33,20.98,29.27,22.74,27.06,20.99
198,24,Nimes,4.3600687,43.8374249,4.3601,43.8374,Europe/Paris,7200,2023-06-24 11:00:00,2023-06-23 23:04:00,2023-06-24 09:50:00,2023-06-24 19:28:41,2023-06-24 04:00:59,0.19,Expect a day of partly cloudy with clear spells,1018,31,10.67,10.4,12,502,Rain,forte pluie,10d,15.95,76,0.0,,5.0,29.88,20.52,30.72,24.5,28.35,21.49,28.71,24.23,27.83,21.18
199,24,Nimes,4.3600687,43.8374249,4.3601,43.8374,Europe/Paris,7200,2023-06-25 11:00:00,2023-06-24 23:23:00,2023-06-25 10:52:00,2023-06-25 19:28:47,2023-06-25 04:01:17,0.22,There will be clear sky today,1017,31,13.18,6.24,9,502,Rain,forte pluie,10d,13.22,0,0.0,,5.0,32.6,20.52,33.85,24.57,29.58,21.74,31.65,24.44,29.02,21.46
200,25,Aigues Mortes,4.1912837,43.5658225,4.1913,43.5658,Europe/Paris,7200,2023-06-18 11:00:00,2023-06-18 20:17:00,2023-06-18 03:44:00,2023-06-18 19:27:01,2023-06-18 04:01:34,0.0,There will be partly cloudy today,1014,79,21.02,7.92,139,502,Rain,forte pluie,10d,10.67,75,0.01,,8.73,24.91,21.19,25.12,21.85,24.08,21.74,25.52,22.18,24.19,21.98
201,25,Aigues Mortes,4.1912837,43.5658225,4.1913,43.5658,Europe/Paris,7200,2023-06-19 11:00:00,2023-06-19 21:06:00,2023-06-19 04:36:00,2023-06-19 19:27:19,2023-06-19 04:01:40,0.04,Expect a day of partly cloudy with rain,1014,60,16.33,7.89,143,502,Rain,forte pluie,10d,15.24,73,0.52,0.54,8.29,25.49,19.88,25.69,23.41,25.33,19.99,25.66,23.69,25.41,20.19
202,25,Aigues Mortes,4.1912837,43.5658225,4.1913,43.5658,Europe/Paris,7200,2023-06-20 11:00:00,2023-06-20 21:46:00,2023-06-20 05:35:00,2023-06-20 19:27:36,2023-06-20 04:01:48,0.07,There will be partly cloudy today,1013,60,17.09,7.3,120,502,Rain,forte pluie,10d,12.96,86,0.3,,8.4,26.06,22.3,26.06,22.3,24.47,22.55,26.06,22.91,24.9,22.85
203,25,Aigues Mortes,4.1912837,43.5658225,4.1913,43.5658,Europe/Paris,7200,2023-06-21 11:00:00,1970-01-01 00:00:00,2023-06-21 06:38:00,2023-06-21 19:27:50,2023-06-21 04:01:58,0.1,There will be partly cloudy today,1015,54,16.7,4.3,162,502,Rain,forte pluie,10d,8.62,100,0.0,,7.41,27.29,21.82,27.49,22.62,24.66,22.73,27.98,23.26,25.14,23.17
204,25,Aigues Mortes,4.1912837,43.5658225,4.1913,43.5658,Europe/Paris,7200,2023-06-22 11:00:00,2023-06-21 22:17:00,2023-06-22 07:43:00,2023-06-22 19:28:02,2023-06-22 04:02:11,0.13,"You can expect partly cloudy in the morning, with rain in the afternoon",1017,67,19.42,3.78,216,502,Rain,forte pluie,10d,7.05,71,0.87,4.82,4.19,26.45,22.18,26.45,22.87,23.87,22.98,26.45,23.3,24.38,23.53
205,25,Aigues Mortes,4.1912837,43.5658225,4.1913,43.5658,Europe/Paris,7200,2023-06-23 11:00:00,2023-06-22 22:43:00,2023-06-23 08:47:00,2023-06-23 19:28:12,2023-06-23 04:02:25,0.16,Expect a day of partly cloudy with rain,1019,44,14.34,8.48,351,502,Rain,forte pluie,10d,12.21,16,0.76,0.51,5.0,28.04,20.72,29.07,23.63,27.24,21.7,27.99,23.41,27.15,21.78
206,25,Aigues Mortes,4.1912837,43.5658225,4.1913,43.5658,Europe/Paris,7200,2023-06-24 11:00:00,2023-06-23 23:05:00,2023-06-24 09:51:00,2023-06-24 19:28:20,2023-06-24 04:02:41,0.19,Expect a day of partly cloudy with clear spells,1018,35,11.83,8.78,22,502,Rain,forte pluie,10d,12.24,83,0.0,,5.0,29.15,21.63,29.96,25.15,28.21,22.15,28.34,25.0,28.0,21.91
207,25,Aigues Mortes,4.1912837,43.5658225,4.1913,43.5658,Europe/Paris,7200,2023-06-25 11:00:00,2023-06-24 23:24:00,2023-06-25 10:53:00,2023-06-25 19:28:26,2023-06-25 04:02:59,0.22,There will be clear sky today,1017,43,15.0,6.2,9,502,Rain,forte pluie,10d,12.3,0,0.0,,5.0,29.24,22.0,29.24,23.68,25.76,22.44,29.15,23.91,26.06,22.25
208,26,Saintes Maries de la mer,4.4287172,43.4522771,4.4287,43.4523,Europe/Paris,7200,2023-06-18 11:00:00,2023-06-18 20:16:00,2023-06-18 03:44:00,2023-06-18 19:25:38,2023-06-18 04:01:03,0.0,There will be partly cloudy today,1014,69,19.9,8.49,139,502,Rain,forte pluie,10d,11.31,64,0.0,,8.59,26.03,21.67,26.5,22.35,23.64,22.05,26.03,22.7,23.81,22.35
209,26,Saintes Maries de la mer,4.4287172,43.4522771,4.4287,43.4523,Europe/Paris,7200,2023-06-19 11:00:00,2023-06-19 21:05:00,2023-06-19 04:35:00,2023-06-19 19:25:57,2023-06-19 04:01:09,0.04,Expect a day of partly cloudy with rain,1014,64,17.43,10.38,136,502,Rain,forte pluie,10d,17.38,71,0.49,0.32,8.68,24.93,20.74,25.18,23.7,25.13,20.74,25.15,23.98,25.27,21.01
210,26,Saintes Maries de la mer,4.4287172,43.4522771,4.4287,43.4523,Europe/Paris,7200,2023-06-20 11:00:00,2023-06-20 21:44:00,2023-06-20 05:35:00,2023-06-20 19:26:13,2023-06-20 04:01:17,0.07,There will be partly cloudy today,1013,65,17.81,9.58,144,502,Rain,forte pluie,10d,15.58,93,0.18,,7.16,24.96,22.7,25.39,22.8,23.8,22.7,25.21,23.38,24.3,22.98
211,26,Saintes Maries de la mer,4.4287172,43.4522771,4.4287,43.4523,Europe/Paris,7200,2023-06-21 11:00:00,1970-01-01 00:00:00,2023-06-21 06:37:00,2023-06-21 19:26:27,2023-06-21 04:01:27,0.1,There will be partly cloudy today,1015,58,17.04,6.32,139,502,Rain,forte pluie,10d,11.65,100,0.0,,6.28,26.15,21.71,26.15,22.87,24.15,22.45,26.15,23.46,24.63,22.89
212,26,Saintes Maries de la mer,4.4287172,43.4522771,4.4287,43.4523,Europe/Paris,7200,2023-06-22 11:00:00,2023-06-21 22:16:00,2023-06-22 07:42:00,2023-06-22 19:26:40,2023-06-22 04:01:39,0.13,"You can expect partly cloudy in the morning, with rain in the afternoon",1017,71,19.21,5.3,316,502,Rain,forte pluie,10d,9.3,87,0.74,2.77,7.92,24.98,22.18,24.98,22.39,23.97,22.72,25.39,22.88,24.51,23.27
213,26,Saintes Maries de la mer,4.4287172,43.4522771,4.4287,43.4523,Europe/Paris,7200,2023-06-23 11:00:00,2023-06-22 22:42:00,2023-06-23 08:46:00,2023-06-23 19:26:50,2023-06-23 04:01:53,0.16,Expect a day of partly cloudy with rain,1019,51,15.42,9.19,349,502,Rain,forte pluie,10d,14.17,20,0.65,0.46,8.0,26.89,20.85,27.97,23.88,26.9,21.32,27.37,23.71,27.1,21.47
214,26,Saintes Maries de la mer,4.4287172,43.4522771,4.4287,43.4523,Europe/Paris,7200,2023-06-24 11:00:00,2023-06-23 23:03:00,2023-06-24 09:50:00,2023-06-24 19:26:58,2023-06-24 04:02:10,0.19,Expect a day of partly cloudy with clear spells,1018,44,13.64,11.17,1,502,Rain,forte pluie,10d,15.73,67,0.0,,8.0,27.43,21.94,28.45,25.32,27.36,21.95,27.43,25.24,27.56,21.82
215,26,Saintes Maries de la mer,4.4287172,43.4522771,4.4287,43.4523,Europe/Paris,7200,2023-06-25 11:00:00,2023-06-24 23:23:00,2023-06-25 10:52:00,2023-06-25 19:27:03,2023-06-25 04:02:28,0.22,There will be clear sky today,1017,49,15.47,8.27,9,502,Rain,forte pluie,10d,13.51,0,0.0,,8.0,27.57,22.17,27.57,23.23,24.74,22.21,27.91,23.57,25.12,22.16
216,27,Collioure,3.0831554,42.52505,3.0832,42.5251,Europe/Paris,7200,2023-06-18 11:00:00,2023-06-18 20:17:00,2023-06-18 03:54:00,2023-06-18 19:27:38,2023-06-18 04:09:49,0.0,Expect a day of partly cloudy with rain,1011,48,17.06,10.42,169,502,Rain,forte pluie,10d,14.13,61,0.45,1.18,8.86,29.19,20.96,30.34,21.8,25.74,20.96,29.66,21.68,25.7,21.17
217,27,Collioure,3.0831554,42.52505,3.0832,42.5251,Europe/Paris,7200,2023-06-19 11:00:00,2023-06-19 21:06:00,2023-06-19 04:45:00,2023-06-19 19:27:56,2023-06-19 04:09:56,0.04,Expect a day of partly cloudy with rain,1013,60,15.83,4.96,133,502,Rain,forte pluie,10d,7.49,100,0.36,0.7,6.19,25.25,19.8,25.62,20.92,24.58,20.37,25.4,21.42,24.9,20.68
218,27,Collioure,3.0831554,42.52505,3.0832,42.5251,Europe/Paris,7200,2023-06-20 11:00:00,2023-06-20 21:46:00,2023-06-20 05:44:00,2023-06-20 19:28:12,2023-06-20 04:10:04,0.07,There will be partly cloudy today,1013,72,19.58,3.74,73,502,Rain,forte pluie,10d,4.53,93,0.03,,4.57,25.97,20.12,26.36,21.02,24.22,20.37,25.97,21.63,24.79,20.89
219,27,Collioure,3.0831554,42.52505,3.0832,42.5251,Europe/Paris,7200,2023-06-21 11:00:00,1970-01-01 00:00:00,2023-06-21 06:47:00,2023-06-21 19:28:26,2023-06-21 04:10:14,0.1,Expect a day of partly cloudy with rain,1015,84,20.49,4.07,338,502,Rain,forte pluie,10d,5.72,100,0.2,0.1,7.66,24.0,20.95,25.07,21.62,23.68,22.24,24.65,22.27,24.27,22.84
220,27,Collioure,3.0831554,42.52505,3.0832,42.5251,Europe/Paris,7200,2023-06-22 11:00:00,2023-06-21 22:18:00,2023-06-22 07:51:00,2023-06-22 19:28:38,2023-06-22 04:10:26,0.13,"You can expect partly cloudy in the morning, with rain in the afternoon",1017,50,16.48,7.92,310,502,Rain,forte pluie,10d,13.01,44,0.82,4.55,7.64,28.77,21.13,28.77,21.13,22.79,22.73,29.37,21.52,23.19,23.25
221,27,Collioure,3.0831554,42.52505,3.0832,42.5251,Europe/Paris,7200,2023-06-23 11:00:00,2023-06-22 22:45:00,2023-06-23 08:54:00,2023-06-23 19:28:48,2023-06-23 04:10:41,0.16,Expect a day of partly cloudy with rain,1022,48,13.29,10.19,324,502,Rain,forte pluie,10d,15.59,38,0.71,,8.0,26.06,19.38,27.26,23.23,25.01,19.95,26.06,23.07,24.95,19.99
222,27,Collioure,3.0831554,42.52505,3.0832,42.5251,Europe/Paris,7200,2023-06-24 11:00:00,2023-06-23 23:07:00,2023-06-24 09:57:00,2023-06-24 19:28:56,2023-06-24 04:10:57,0.19,Expect a day of partly cloudy with clear spells,1019,38,11.86,10.6,327,502,Rain,forte pluie,10d,16.46,88,0.0,,8.0,28.62,22.29,29.56,23.19,27.43,22.95,28.08,23.16,27.63,22.68
223,27,Collioure,3.0831554,42.52505,3.0832,42.5251,Europe/Paris,7200,2023-06-25 11:00:00,2023-06-24 23:27:00,2023-06-25 10:59:00,2023-06-25 19:29:02,2023-06-25 04:11:15,0.22,There will be clear sky today,1017,45,13.24,3.42,56,502,Rain,forte pluie,10d,3.91,0,0.0,,8.0,28.07,22.03,28.07,23.18,26.59,23.74,28.1,23.2,26.59,23.53
224,28,Carcassonne,2.3491069,43.2130358,2.3491,43.213,Europe/Paris,7200,2023-06-18 11:00:00,2023-06-18 20:23:00,2023-06-18 03:54:00,2023-06-18 19:33:04,2023-06-18 04:10:15,0.0,Expect a day of partly cloudy with rain,1012,63,18.78,6.56,90,502,Rain,forte pluie,10d,9.82,75,0.68,4.12,8.92,26.39,18.99,29.78,19.2,24.15,19.3,26.39,19.4,24.34,19.37
225,28,Carcassonne,2.3491069,43.2130358,2.3491,43.213,Europe/Paris,7200,2023-06-19 11:00:00,2023-06-19 21:12:00,2023-06-19 04:45:00,2023-06-19 19:33:23,2023-06-19 04:10:21,0.04,Expect a day of partly cloudy with rain,1011,50,14.34,10.03,109,502,Rain,forte pluie,10d,13.74,100,0.59,0.68,6.47,26.16,17.8,28.03,20.05,24.21,18.46,26.16,20.54,24.25,18.76
226,28,Carcassonne,2.3491069,43.2130358,2.3491,43.213,Europe/Paris,7200,2023-06-20 11:00:00,2023-06-20 21:52:00,2023-06-20 05:44:00,2023-06-20 19:33:39,2023-06-20 04:10:29,0.07,There will be partly cloudy today,1013,65,19.09,7.72,96,502,Rain,forte pluie,10d,10.69,100,0.28,,4.75,27.01,19.11,27.01,21.1,25.59,20.36,28.47,21.64,25.98,20.91
227,28,Carcassonne,2.3491069,43.2130358,2.3491,43.213,Europe/Paris,7200,2023-06-21 11:00:00,1970-01-01 00:00:00,2023-06-21 06:47:00,2023-06-21 19:33:53,2023-06-21 04:10:40,0.1,Expect a day of partly cloudy with rain,1016,88,18.76,3.81,113,502,Rain,forte pluie,10d,5.26,100,0.3,1.2,6.04,21.63,20.0,27.57,21.56,26.67,20.0,22.15,22.07,27.8,20.54
228,28,Carcassonne,2.3491069,43.2130358,2.3491,43.213,Europe/Paris,7200,2023-06-22 11:00:00,2023-06-21 22:23:00,2023-06-22 07:52:00,2023-06-22 19:34:05,2023-06-22 04:10:52,0.13,Expect a day of partly cloudy with rain,1019,54,16.69,7.03,307,502,Rain,forte pluie,10d,12.66,56,0.86,4.52,6.84,27.66,19.3,27.66,19.3,22.53,19.79,28.41,19.61,22.85,20.25
229,28,Carcassonne,2.3491069,43.2130358,2.3491,43.213,Europe/Paris,7200,2023-06-23 11:00:00,2023-06-22 22:49:00,2023-06-23 08:56:00,2023-06-23 19:34:15,2023-06-23 04:11:06,0.16,Expect a day of partly cloudy with rain,1025,62,14.59,7.92,303,502,Rain,forte pluie,10d,13.07,96,0.57,0.12,7.0,22.97,17.37,25.96,19.45,23.82,17.37,22.94,19.44,23.77,17.43
230,28,Carcassonne,2.3491069,43.2130358,2.3491,43.213,Europe/Paris,7200,2023-06-24 11:00:00,2023-06-23 23:12:00,2023-06-24 09:59:00,2023-06-24 19:34:23,2023-06-24 04:11:22,0.19,Expect a day of partly cloudy with clear spells,1021,39,12.15,6.92,297,502,Rain,forte pluie,10d,11.46,99,0.0,,7.0,28.08,16.47,29.36,20.83,27.27,18.18,27.67,20.8,27.42,18.01
231,28,Carcassonne,2.3491069,43.2130358,2.3491,43.213,Europe/Paris,7200,2023-06-25 11:00:00,2023-06-24 23:31:00,2023-06-25 11:01:00,2023-06-25 19:34:29,2023-06-25 04:11:40,0.22,There will be clear sky today,1017,25,9.97,3.37,106,502,Rain,forte pluie,10d,4.24,0,0.0,,7.0,33.13,17.94,34.9,22.84,30.82,20.83,31.52,22.62,29.84,20.64
232,29,Ariege,1.4065544156065486,42.9455368,1.4066,42.9455,Europe/Paris,7200,2023-06-18 11:00:00,2023-06-18 20:26:00,2023-06-18 03:59:00,2023-06-18 19:35:52,2023-06-18 04:15:00,0.0,Expect a day of partly cloudy with rain,1014,59,13.25,3.4,171,502,Rain,forte pluie,10d,4.48,62,0.91,5.56,8.57,21.6,12.17,23.43,13.92,19.87,12.68,21.36,13.74,19.82,12.25
233,29,Ariege,1.4065544156065486,42.9455368,1.4066,42.9455,Europe/Paris,7200,2023-06-19 11:00:00,2023-06-19 21:15:00,2023-06-19 04:50:00,2023-06-19 19:36:10,2023-06-19 04:15:06,0.04,Expect a day of partly cloudy with rain,1010,49,12.7,2.4,265,502,Rain,forte pluie,10d,5.82,99,0.62,3.25,7.99,22.65,12.14,23.61,12.83,17.09,12.52,22.25,12.54,17.07,12.1
234,29,Ariege,1.4065544156065486,42.9455368,1.4066,42.9455,Europe/Paris,7200,2023-06-20 11:00:00,2023-06-20 21:55:00,2023-06-20 05:49:00,2023-06-20 19:36:26,2023-06-20 04:15:15,0.07,Expect a day of partly cloudy with rain,1012,52,12.29,2.59,177,502,Rain,forte pluie,10d,6.34,96,0.57,1.61,5.16,21.66,11.82,22.83,13.98,19.62,13.22,21.24,13.81,19.6,12.43
235,29,Ariege,1.4065544156065486,42.9455368,1.4066,42.9455,Europe/Paris,7200,2023-06-21 11:00:00,1970-01-01 00:00:00,2023-06-21 06:52:00,2023-06-21 19:36:40,2023-06-21 04:15:25,0.1,Expect a day of partly cloudy with rain,1015,58,14.47,2.77,33,502,Rain,forte pluie,10d,3.26,89,0.81,2.17,8.31,21.57,12.8,21.57,14.61,16.33,13.61,21.3,14.63,16.5,13.43
236,29,Ariege,1.4065544156065486,42.9455368,1.4066,42.9455,Europe/Paris,7200,2023-06-22 11:00:00,2023-06-21 22:26:00,2023-06-22 07:56:00,2023-06-22 19:36:52,2023-06-22 04:15:37,0.13,There will be rain today,1022,87,15.44,2.25,292,502,Rain,forte pluie,10d,5.3,85,0.97,7.39,5.66,15.88,11.78,15.88,11.78,13.42,13.86,15.8,11.57,13.35,13.81
237,29,Ariege,1.4065544156065486,42.9455368,1.4066,42.9455,Europe/Paris,7200,2023-06-23 11:00:00,2023-06-22 22:53:00,2023-06-23 09:00:00,2023-06-23 19:37:02,2023-06-23 04:15:51,0.16,Expect a day of partly cloudy with rain,1027,61,10.55,3.19,337,502,Rain,forte pluie,10d,4.36,83,0.75,0.37,6.0,16.58,10.02,16.77,10.85,14.63,10.34,15.89,10.31,14.26,9.91
238,29,Ariege,1.4065544156065486,42.9455368,1.4066,42.9455,Europe/Paris,7200,2023-06-24 11:00:00,2023-06-23 23:15:00,2023-06-24 10:03:00,2023-06-24 19:37:10,2023-06-24 04:16:08,0.19,"You can expect partly cloudy in the morning, with clearing in the afternoon",1023,39,7.74,2.83,353,502,Rain,forte pluie,10d,2.25,84,0.0,,6.0,20.62,9.81,20.88,12.24,18.04,11.82,19.76,11.71,17.73,11.2
239,29,Ariege,1.4065544156065486,42.9455368,1.4066,42.9455,Europe/Paris,7200,2023-06-25 11:00:00,2023-06-24 23:35:00,2023-06-25 11:06:00,2023-06-25 19:37:16,2023-06-25 04:16:26,0.22,There will be clear sky today,1018,35,9.5,2.58,14,502,Rain,forte pluie,10d,1.86,0,0.0,,6.0,24.38,11.47,24.75,15.56,21.18,13.83,23.79,15.16,21.1,12.86
240,30,Toulouse,1.4442469,43.6044622,1.4442,43.6045,Europe/Paris,7200,2023-06-18 11:00:00,2023-06-18 20:29:00,2023-06-18 03:55:00,2023-06-18 19:38:09,2023-06-18 04:12:25,0.0,Expect a day of partly cloudy with rain,1011,64,18.36,5.78,143,502,Rain,forte pluie,10d,10.13,25,0.98,7.03,8.21,25.68,17.82,30.3,18.83,28.04,18.09,25.97,19.14,29.29,18.3
241,30,Toulouse,1.4442469,43.6044622,1.4442,43.6045,Europe/Paris,7200,2023-06-19 11:00:00,2023-06-19 21:18:00,2023-06-19 04:47:00,2023-06-19 19:38:27,2023-06-19 04:12:31,0.04,Expect a day of partly cloudy with rain,1010,55,16.39,8.75,112,502,Rain,forte pluie,10d,11.48,100,1.0,5.74,7.14,26.14,17.41,27.53,18.84,22.38,17.83,26.14,19.1,22.42,18.07
242,30,Toulouse,1.4442469,43.6044622,1.4442,43.6045,Europe/Paris,7200,2023-06-20 11:00:00,2023-06-20 21:57:00,2023-06-20 05:46:00,2023-06-20 19:38:44,2023-06-20 04:12:39,0.07,Expect a day of partly cloudy with rain,1011,65,18.77,4.19,141,502,Rain,forte pluie,10d,8.56,100,0.85,0.97,5.13,25.94,18.02,26.55,21.33,25.72,19.14,26.29,21.74,26.18,19.54
243,30,Toulouse,1.4442469,43.6044622,1.4442,43.6045,Europe/Paris,7200,2023-06-21 11:00:00,1970-01-01 00:00:00,2023-06-21 06:49:00,2023-06-21 19:38:58,2023-06-21 04:12:49,0.1,There will be rain today,1015,75,19.51,3.03,297,502,Rain,forte pluie,10d,5.26,100,0.91,5.33,7.38,24.24,18.8,24.24,20.48,22.38,18.8,24.68,21.06,22.95,19.24
244,30,Toulouse,1.4442469,43.6044622,1.4442,43.6045,Europe/Paris,7200,2023-06-22 11:00:00,2023-06-21 22:28:00,2023-06-22 07:54:00,2023-06-22 19:39:10,2023-06-22 04:13:01,0.13,Expect a day of partly cloudy with rain,1021,65,17.13,5.49,301,502,Rain,forte pluie,10d,10.81,88,1.0,7.91,5.92,24.22,17.74,24.44,17.74,20.88,19.18,24.39,17.97,21.16,19.5
245,30,Toulouse,1.4442469,43.6044622,1.4442,43.6045,Europe/Paris,7200,2023-06-23 11:00:00,2023-06-22 22:54:00,2023-06-23 08:59:00,2023-06-23 19:39:20,2023-06-23 04:13:16,0.16,Expect a day of partly cloudy with rain,1026,61,14.77,4.66,276,502,Rain,forte pluie,10d,9.07,99,0.6,0.27,6.0,22.7,16.24,23.18,18.47,23.18,16.38,22.62,18.46,23.22,16.48
246,30,Toulouse,1.4442469,43.6044622,1.4442,43.6045,Europe/Paris,7200,2023-06-24 11:00:00,2023-06-23 23:16:00,2023-06-24 10:02:00,2023-06-24 19:39:28,2023-06-24 04:13:32,0.19,"You can expect partly cloudy in the morning, with clearing in the afternoon",1022,47,14.13,4.19,344,502,Rain,forte pluie,10d,6.53,72,0.0,,6.0,26.31,15.6,27.62,21.01,26.38,17.34,26.31,20.86,26.38,17.19
247,30,Toulouse,1.4442469,43.6044622,1.4442,43.6045,Europe/Paris,7200,2023-06-25 11:00:00,2023-06-24 23:35:00,2023-06-25 11:05:00,2023-06-25 19:39:34,2023-06-25 04:13:50,0.22,There will be clear sky today,1018,40,14.19,2.04,52,502,Rain,forte pluie,10d,1.81,0,0.0,,6.0,29.06,16.75,31.01,22.92,29.42,18.63,28.67,22.68,29.47,18.56
248,31,Montauban,1.3549991,44.0175835,1.355,44.0176,Europe/Paris,7200,2023-06-18 11:00:00,2023-06-18 20:31:00,2023-06-18 03:54:00,2023-06-18 19:40:04,2023-06-18 04:11:12,0.0,Expect a day of partly cloudy with rain,1010,51,15.01,5.39,147,502,Rain,forte pluie,10d,9.42,34,1.0,6.9,8.31,25.92,17.68,29.22,20.0,28.47,18.32,25.9,20.51,30.04,18.64
249,31,Montauban,1.3549991,44.0175835,1.355,44.0176,Europe/Paris,7200,2023-06-19 11:00:00,2023-06-19 21:20:00,2023-06-19 04:45:00,2023-06-19 19:40:23,2023-06-19 04:11:18,0.04,Expect a day of partly cloudy with rain,1010,57,17.34,8.35,348,502,Rain,forte pluie,10d,12.56,100,1.0,38.25,6.99,26.7,17.18,27.44,18.8,25.19,17.61,27.53,19.01,25.51,17.88
250,31,Montauban,1.3549991,44.0175835,1.355,44.0176,Europe/Paris,7200,2023-06-20 11:00:00,2023-06-20 21:59:00,2023-06-20 05:45:00,2023-06-20 19:40:39,2023-06-20 04:11:26,0.07,Expect a day of partly cloudy with rain,1012,69,19.41,4.76,183,502,Rain,forte pluie,10d,8.09,100,0.92,2.62,4.96,25.61,17.17,26.71,20.25,26.13,17.75,26.03,20.63,26.13,17.98
251,31,Montauban,1.3549991,44.0175835,1.355,44.0176,Europe/Paris,7200,2023-06-21 11:00:00,1970-01-01 00:00:00,2023-06-21 06:48:00,2023-06-21 19:40:54,2023-06-21 04:11:36,0.1,Expect a day of partly cloudy with rain,1015,73,19.87,4.53,298,502,Rain,forte pluie,10d,7.99,100,0.97,10.62,6.15,24.97,18.44,24.97,19.9,22.65,19.26,25.43,20.43,23.29,19.72
252,31,Montauban,1.3549991,44.0175835,1.355,44.0176,Europe/Paris,7200,2023-06-22 11:00:00,2023-06-21 22:30:00,2023-06-22 07:53:00,2023-06-22 19:41:06,2023-06-22 04:11:49,0.13,Expect a day of partly cloudy with rain,1021,67,17.95,4.36,297,502,Rain,forte pluie,10d,8.79,93,1.0,6.27,4.15,24.57,17.5,24.57,18.08,21.45,19.1,24.83,18.35,21.79,19.47
253,31,Montauban,1.3549991,44.0175835,1.355,44.0176,Europe/Paris,7200,2023-06-23 11:00:00,2023-06-22 22:56:00,2023-06-23 08:58:00,2023-06-23 19:41:16,2023-06-23 04:12:03,0.16,"There will be rain until morning, then partly cloudy",1026,59,15.27,4.33,301,502,Rain,forte pluie,10d,8.57,93,0.34,,5.0,23.61,14.88,23.61,18.44,22.92,16.61,23.57,18.45,23.07,16.81
254,31,Montauban,1.3549991,44.0175835,1.355,44.0176,Europe/Paris,7200,2023-06-24 11:00:00,2023-06-23 23:17:00,2023-06-24 10:02:00,2023-06-24 19:41:23,2023-06-24 04:12:19,0.19,"You can expect partly cloudy in the morning, with clearing in the afternoon",1022,51,15.14,4.1,3,502,Rain,forte pluie,10d,5.12,52,0.0,,5.0,26.2,15.15,28.42,20.6,26.18,17.0,26.2,20.6,26.18,16.77
255,31,Montauban,1.3549991,44.0175835,1.355,44.0176,Europe/Paris,7200,2023-06-25 11:00:00,2023-06-24 23:36:00,2023-06-25 11:05:00,2023-06-25 19:41:29,2023-06-25 04:12:38,0.22,There will be clear sky today,1018,42,14.7,2.23,43,502,Rain,forte pluie,10d,2.72,0,0.0,,5.0,28.79,16.12,31.23,22.53,28.68,18.02,28.57,22.46,29.6,17.78
256,32,Biarritz,-1.5592776,43.4832523,-1.5593,43.4833,Europe/Paris,7200,2023-06-18 12:00:00,2023-06-18 20:41:00,2023-06-18 04:08:00,2023-06-18 19:49:43,2023-06-18 04:24:53,0.0,Expect a day of partly cloudy with rain,1011,81,18.8,3.68,330,502,Rain,forte pluie,10d,4.14,64,1.0,11.47,6.51,22.21,18.5,22.97,18.5,19.33,19.69,22.6,18.89,19.8,20.09
257,32,Biarritz,-1.5592776,43.4832523,-1.5593,43.4833,Europe/Paris,7200,2023-06-19 12:00:00,2023-06-19 21:30:00,2023-06-19 05:00:00,2023-06-19 19:50:01,2023-06-19 04:24:59,0.04,Expect a day of partly cloudy with rain,1008,63,17.4,9.2,275,502,Rain,forte pluie,10d,12.98,100,1.0,2.72,5.96,25.41,17.21,25.41,18.83,19.6,17.65,25.65,19.2,20.07,17.95
258,32,Biarritz,-1.5592776,43.4832523,-1.5593,43.4833,Europe/Paris,7200,2023-06-20 12:00:00,1970-01-01 00:00:00,2023-06-20 05:59:00,2023-06-20 19:50:17,2023-06-20 04:25:07,0.07,"There will be partly cloudy until morning, then rain",1012,79,17.87,3.83,320,502,Rain,forte pluie,10d,6.11,100,1.0,26.92,7.66,21.85,17.53,21.85,18.62,18.93,17.82,22.15,19.07,19.39,18.16
259,32,Biarritz,-1.5592776,43.4832523,-1.5593,43.4833,Europe/Paris,7200,2023-06-21 12:00:00,2023-06-20 22:09:00,2023-06-21 07:03:00,2023-06-21 19:50:32,2023-06-21 04:25:17,0.1,Expect a day of partly cloudy with rain,1016,86,18.09,3.26,358,502,Rain,forte pluie,10d,3.87,100,1.0,20.49,8.26,20.7,17.95,21.56,18.92,20.18,18.13,21.07,19.4,20.71,18.45
260,32,Biarritz,-1.5592776,43.4832523,-1.5593,43.4833,Europe/Paris,7200,2023-06-22 12:00:00,2023-06-21 22:40:00,2023-06-22 08:07:00,2023-06-22 19:50:44,2023-06-22 04:25:29,0.13,Expect a day of partly cloudy with rain,1023,87,16.45,6.66,258,502,Rain,forte pluie,10d,8.75,100,0.79,2.97,8.28,18.75,18.04,19.72,18.04,19.33,18.12,18.95,18.07,19.36,18.42
261,32,Biarritz,-1.5592776,43.4832523,-1.5593,43.4833,Europe/Paris,7200,2023-06-23 12:00:00,2023-06-22 23:06:00,2023-06-23 09:12:00,2023-06-23 19:50:54,2023-06-23 04:25:44,0.16,"You can expect rain in the morning, with partly cloudy in the afternoon",1027,75,16.23,3.81,327,502,Rain,forte pluie,10d,4.22,74,0.6,5.14,9.0,20.97,17.6,20.97,18.55,20.42,18.15,21.08,18.71,20.48,18.37
262,32,Biarritz,-1.5592776,43.4832523,-1.5593,43.4833,Europe/Paris,7200,2023-06-24 12:00:00,2023-06-23 23:28:00,2023-06-24 10:15:00,2023-06-24 19:51:02,2023-06-24 04:26:00,0.19,Expect a day of partly cloudy with clear spells,1023,59,15.32,3.42,358,502,Rain,forte pluie,10d,5.46,18,0.0,,9.0,24.02,16.62,24.29,19.46,23.13,16.67,24.02,19.71,23.4,16.77
263,32,Biarritz,-1.5592776,43.4832523,-1.5593,43.4833,Europe/Paris,7200,2023-06-25 12:00:00,2023-06-24 23:47:00,2023-06-25 11:18:00,2023-06-25 19:51:07,2023-06-25 04:26:18,0.22,There will be clear sky today,1017,57,17.68,3.74,57,502,Rain,forte pluie,10d,5.78,0,0.0,,9.0,27.26,17.33,28.4,22.47,26.97,18.51,28.18,22.89,28.57,18.61
264,33,Bayonne,-1.4736657,43.4945144,-1.4737,43.4945,Europe/Paris,7200,2023-06-18 12:00:00,2023-06-18 20:40:00,2023-06-18 04:08:00,2023-06-18 19:49:25,2023-06-18 04:24:30,0.0,Expect a day of partly cloudy with rain,1011,80,18.72,3.41,307,502,Rain,forte pluie,10d,4.3,64,1.0,10.25,5.88,22.34,18.25,23.0,18.25,19.39,19.65,22.72,18.66,19.89,20.07
265,33,Bayonne,-1.4736657,43.4945144,-1.4737,43.4945,Europe/Paris,7200,2023-06-19 12:00:00,2023-06-19 21:29:00,2023-06-19 05:00:00,2023-06-19 19:49:43,2023-06-19 04:24:36,0.04,Expect a day of partly cloudy with rain,1008,61,17.46,8.4,275,502,Rain,forte pluie,10d,12.71,100,1.0,2.85,4.79,25.96,16.89,25.96,18.8,19.72,17.52,25.96,19.19,20.2,17.86
266,33,Bayonne,-1.4736657,43.4945144,-1.4737,43.4945,Europe/Paris,7200,2023-06-20 12:00:00,1970-01-01 00:00:00,2023-06-20 05:59:00,2023-06-20 19:49:59,2023-06-20 04:24:44,0.07,"There will be partly cloudy until morning, then rain",1012,75,18.08,3.96,321,502,Rain,forte pluie,10d,6.78,100,1.0,22.14,7.83,22.89,17.33,22.89,18.6,19.05,17.79,23.19,19.07,19.54,18.16
267,33,Bayonne,-1.4736657,43.4945144,-1.4737,43.4945,Europe/Paris,7200,2023-06-21 12:00:00,2023-06-20 22:08:00,2023-06-21 07:02:00,2023-06-21 19:50:14,2023-06-21 04:24:54,0.1,Expect a day of partly cloudy with rain,1016,85,18.27,2.82,352,502,Rain,forte pluie,10d,3.81,100,1.0,20.21,6.55,21.15,17.82,22.16,18.93,20.6,18.2,21.54,19.44,21.17,18.56
268,33,Bayonne,-1.4736657,43.4945144,-1.4737,43.4945,Europe/Paris,7200,2023-06-22 12:00:00,2023-06-21 22:40:00,2023-06-22 08:07:00,2023-06-22 19:50:26,2023-06-22 04:25:06,0.13,Expect a day of partly cloudy with rain,1023,89,16.83,5.9,257,502,Rain,forte pluie,10d,8.74,100,0.79,2.86,8.13,18.84,17.69,20.12,17.69,19.48,18.0,19.1,17.73,19.52,18.31
269,33,Bayonne,-1.4736657,43.4945144,-1.4737,43.4945,Europe/Paris,7200,2023-06-23 12:00:00,2023-06-22 23:06:00,2023-06-23 09:11:00,2023-06-23 19:50:36,2023-06-23 04:25:21,0.16,"You can expect rain in the morning, with partly cloudy in the afternoon",1027,74,16.41,3.96,322,502,Rain,forte pluie,10d,4.37,68,0.59,4.42,9.0,21.48,17.09,21.48,18.15,20.57,17.92,21.62,18.32,20.64,18.17
270,33,Bayonne,-1.4736657,43.4945144,-1.4737,43.4945,Europe/Paris,7200,2023-06-24 12:00:00,2023-06-23 23:28:00,2023-06-24 10:14:00,2023-06-24 19:50:44,2023-06-24 04:25:37,0.19,Expect a day of partly cloudy with clear spells,1023,54,15.23,2.89,10,502,Rain,forte pluie,10d,5.97,20,0.0,,9.0,25.34,16.03,25.37,19.13,23.82,16.33,25.34,19.4,24.14,16.42
271,33,Bayonne,-1.4736657,43.4945144,-1.4737,43.4945,Europe/Paris,7200,2023-06-25 12:00:00,2023-06-24 23:47:00,2023-06-25 11:17:00,2023-06-25 19:50:49,2023-06-25 04:25:55,0.22,There will be clear sky today,1017,53,17.61,3.51,81,502,Rain,forte pluie,10d,6.0,0,0.0,,9.0,28.35,16.9,29.59,22.38,27.54,18.51,29.16,22.79,29.28,18.64
272,34,La Rochelle,-1.1520434,46.1591126,-1.152,46.1591,Europe/Paris,7200,2023-06-18 12:00:00,2023-06-18 20:53:00,2023-06-18 03:53:00,2023-06-18 19:58:41,2023-06-18 04:12:39,0.0,Expect a day of partly cloudy with rain,1010,87,18.6,5.89,285,502,Rain,forte pluie,10d,8.41,100,1.0,3.78,3.75,20.84,17.17,22.04,17.17,18.95,19.7,21.25,17.21,18.96,20.05
273,34,La Rochelle,-1.1520434,46.1591126,-1.152,46.1591,Europe/Paris,7200,2023-06-19 12:00:00,2023-06-19 21:41:00,2023-06-19 04:45:00,2023-06-19 19:59:00,2023-06-19 04:12:44,0.04,"The day will start with partly cloudy through the late morning hours, transitioning to rain",1010,83,17.85,4.75,190,502,Rain,forte pluie,10d,8.88,100,1.0,12.83,3.56,20.95,15.93,23.86,18.57,20.95,16.98,21.27,18.96,21.4,16.98
274,34,La Rochelle,-1.1520434,46.1591126,-1.152,46.1591,Europe/Paris,7200,2023-06-20 12:00:00,1970-01-01 00:00:00,2023-06-20 05:45:00,2023-06-20 19:59:17,2023-06-20 04:12:52,0.07,Expect a day of partly cloudy with rain,1013,74,16.06,5.33,294,502,Rain,forte pluie,10d,6.91,60,0.74,0.53,7.61,21.09,18.43,21.2,18.67,20.09,18.72,21.19,18.81,20.27,19.05
275,34,La Rochelle,-1.1520434,46.1591126,-1.152,46.1591,Europe/Paris,7200,2023-06-21 12:00:00,2023-06-20 22:19:00,2023-06-21 06:50:00,2023-06-21 19:59:31,2023-06-21 04:13:02,0.1,There will be partly cloudy today,1017,62,13.91,4.22,293,502,Rain,forte pluie,10d,5.83,98,0.3,,7.58,21.72,16.97,21.72,19.36,21.14,17.3,21.57,19.39,21.16,17.23
276,34,La Rochelle,-1.1520434,46.1591126,-1.152,46.1591,Europe/Paris,7200,2023-06-22 12:00:00,2023-06-21 22:48:00,2023-06-22 07:57:00,2023-06-22 19:59:44,2023-06-22 04:13:14,0.13,Expect a day of partly cloudy with rain,1021,79,16.03,6.24,327,502,Rain,forte pluie,10d,8.58,94,0.94,11.03,7.03,19.85,17.29,19.96,18.14,18.76,17.4,19.95,18.2,18.88,17.57
277,34,La Rochelle,-1.1520434,46.1591126,-1.152,46.1591,Europe/Paris,7200,2023-06-23 12:00:00,2023-06-22 23:12:00,2023-06-23 09:03:00,2023-06-23 19:59:53,2023-06-23 04:13:29,0.16,Expect a day of partly cloudy with clear spells,1027,57,12.66,5.85,288,502,Rain,forte pluie,10d,8.14,29,0.0,,8.0,21.78,16.64,21.78,18.27,20.69,16.7,21.5,18.11,20.56,16.57
278,34,La Rochelle,-1.1520434,46.1591126,-1.152,46.1591,Europe/Paris,7200,2023-06-24 12:00:00,2023-06-23 23:31:00,2023-06-24 10:09:00,2023-06-24 20:00:01,2023-06-24 04:13:46,0.19,"The day will start with partly cloudy through the late morning hours, transitioning to clearing",1025,56,15.14,5.17,41,502,Rain,forte pluie,10d,9.79,0,0.0,,8.0,24.66,16.51,25.48,20.76,24.51,17.41,24.64,20.54,24.56,17.14
279,34,La Rochelle,-1.1520434,46.1591126,-1.152,46.1591,Europe/Paris,7200,2023-06-25 12:00:00,2023-06-24 23:48:00,2023-06-25 11:14:00,2023-06-25 20:00:06,2023-06-25 04:14:05,0.22,There will be clear sky today,1019,47,13.66,6.23,73,502,Rain,forte pluie,10d,11.89,0,0.0,,8.0,26.4,17.45,27.87,22.35,27.01,17.96,26.4,22.36,27.55,17.56
